year,school_code,district,quota_count
2026,152006,上海市,208
2026,155001,上海市,52
2026,142001,嘉定区,14
2026,142002,嘉定区,10
2026,142004,嘉定区,6
2026,042032,嘉定区,11
2026,102056,嘉定区,14
2026,012001,黄浦区,3
2026,012002,黄浦区,20
2026,012003,黄浦区,3
2026,042001,徐汇区,7
2026,042002,徐汇区,22
2026,042008,徐汇区,9
2026,042035,徐汇区,9
2026,042036,徐汇区,3
2026,043015,徐汇区,9
2026,072001,普陀区,8
2026,072002,普陀区,8
2026,073003,普陀区,9
2026,073082,普陀区,5
2026,102057,嘉定区,10
2026,152003,嘉定区,10
2026,152006,嘉定区,1
2026,012001,嘉定区,5
2026,012003,嘉定区,3
2026,012007,嘉定区,2
2026,012008,嘉定区,2
2026,012010,嘉定区,10
2026,012011,嘉定区,4
2026,042001,嘉定区,3
2026,042008,嘉定区,3
2026,042035,嘉定区,1
2026,043015,嘉定区,2
2026,052001,嘉定区,6
2026,052002,嘉定区,5
2026,053004,嘉定区,4
2026,062002,嘉定区,9
2026,062003,嘉定区,3
2026,062004,嘉定区,2
2026,062011,嘉定区,4
2026,064001,嘉定区,6
2026,072001,嘉定区,16
2026,072002,嘉定区,9
2026,073003,嘉定区,10
2026,073082,嘉定区,10
2026,092001,嘉定区,5
2026,092002,嘉定区,3
2026,093001,嘉定区,2
2026,102004,嘉定区,3
2026,102032,嘉定区,5
2026,103002,嘉定区,1
2026,122001,嘉定区,5
2026,123001,嘉定区,10
2026,122002,嘉定区,4
2026,122003,嘉定区,2
2026,132001,嘉定区,8
2026,132002,嘉定区,12
2026,133001,嘉定区,9
2026,132003,嘉定区,6
2026,133003,嘉定区,6
2026,152001,嘉定区,3
2026,152002,嘉定区,7
2026,152004,嘉定区,14
2026,153001,嘉定区,5
2026,153004,嘉定区,5
2026,153005,嘉定区,6
2026,151078,嘉定区,2
2026,152005,嘉定区,4
2026,162000,嘉定区,2
2026,163002,嘉定区,3
2026,172001,嘉定区,1
2026,173001,嘉定区,4
2026,172002,嘉定区,2
2026,172004,嘉定区,3
2026,174003,嘉定区,5
2026,182001,嘉定区,14
2026,183002,嘉定区,10
2026,182002,嘉定区,6
2026,202001,嘉定区,3
2026,512000,嘉定区,3
2026,012005,黄浦区,2
2026,012006,黄浦区,15
2026,012007,黄浦区,3
2026,012008,黄浦区,3
2026,012009,黄浦区,3
2026,012010,黄浦区,3
2026,012011,黄浦区,5
2026,042032,黄浦区,8
2026,102056,黄浦区,10
2026,102057,黄浦区,10
2026,152003,黄浦区,11
2026,042001,黄浦区,6
2026,042008,黄浦区,8
2026,042035,黄浦区,3
2026,043015,黄浦区,4
2026,052001,黄浦区,5
2026,052002,黄浦区,3
2026,053004,黄浦区,2
2026,062001,黄浦区,6
2026,062002,黄浦区,2
2026,062004,黄浦区,5
2026,062011,黄浦区,2
2026,063004,黄浦区,3
2026,064001,黄浦区,2
2026,072002,黄浦区,2
2026,073003,黄浦区,5
2026,073082,黄浦区,5
2026,092002,黄浦区,2
2026,102032,黄浦区,8
2026,122001,黄浦区,5
2026,123001,黄浦区,2
2026,122002,黄浦区,2
2026,122003,黄浦区,5
2026,132001,黄浦区,4
2026,132002,黄浦区,2
2026,132003,黄浦区,2
2026,133003,黄浦区,5
2026,142001,黄浦区,5
2026,142002,黄浦区,6
2026,152001,黄浦区,11
2026,152002,黄浦区,7
2026,152004,黄浦区,6
2026,153001,黄浦区,8
2026,153004,黄浦区,2
2026,153005,黄浦区,8
2026,152005,黄浦区,12
2026,162000,黄浦区,1
2026,163002,黄浦区,3
2026,172001,黄浦区,3
2026,173001,黄浦区,5
2026,174003,黄浦区,2
2026,182001,黄浦区,2
2026,183002,黄浦区,3
2026,182002,黄浦区,3
2026,202001,黄浦区,2
2026,202002,黄浦区,6
2026,512000,黄浦区,2
2026,042032,徐汇区,93
2026,102056,徐汇区,22
2026,102057,徐汇区,18
2026,152003,徐汇区,20
2026,152006,徐汇区,25
2026,012001,徐汇区,4
2026,012003,徐汇区,14
2026,012005,徐汇区,8
2026,012007,徐汇区,5
2026,012008,徐汇区,3
2026,012009,徐汇区,3
2026,012010,徐汇区,13
2026,012011,徐汇区,5
2026,052001,徐汇区,5
2026,052002,徐汇区,7
2026,053004,徐汇区,5
2026,062001,徐汇区,6
2026,062002,徐汇区,6
2026,062003,徐汇区,4
2026,062004,徐汇区,2
2026,062011,徐汇区,3
2026,063004,徐汇区,3
2026,064001,徐汇区,4
2026,072002,徐汇区,3
2026,073003,徐汇区,7
2026,073082,徐汇区,6
2026,093001,徐汇区,4
2026,102004,徐汇区,3
2026,102032,徐汇区,8
2026,122001,徐汇区,16
2026,123001,徐汇区,10
2026,122002,徐汇区,15
2026,122003,徐汇区,10
2026,122004,徐汇区,15
2026,132001,徐汇区,1
2026,132002,徐汇区,4
2026,133001,徐汇区,1
2026,132003,徐汇区,4
2026,133003,徐汇区,6
2026,142001,徐汇区,5
2026,142002,徐汇区,7
2026,142004,徐汇区,6
2026,152001,徐汇区,6
2026,152002,徐汇区,6
2026,152004,徐汇区,7
2026,153001,徐汇区,7
2026,153004,徐汇区,5
2026,153005,徐汇区,6
2026,151078,徐汇区,13
2026,152005,徐汇区,4
2026,162000,徐汇区,7
2026,163002,徐汇区,5
2026,172001,徐汇区,7
2026,173001,徐汇区,5
2026,172002,徐汇区,5
2026,172004,徐汇区,3
2026,174003,徐汇区,4
2026,182001,徐汇区,5
2026,183002,徐汇区,4
2026,182002,徐汇区,4
2026,202001,徐汇区,3
2026,202002,徐汇区,8
2026,512000,徐汇区,3
2026,042032,普陀区,11
2026,102056,普陀区,23
2026,102057,普陀区,17
2026,152003,普陀区,9
2026,152006,普陀区,2
2026,012001,普陀区,9
2026,012003,普陀区,4
2026,012005,普陀区,8
2026,012007,普陀区,5
2026,012008,普陀区,4
2026,012009,普陀区,5
2026,012011,普陀区,2
2026,042001,普陀区,5
2026,042008,普陀区,6
2026,042035,普陀区,4
2026,043015,普陀区,3
2026,052001,普陀区,7
2026,052002,普陀区,9
2026,053004,普陀区,7
2026,062001,普陀区,12
2026,062002,普陀区,6
2026,062003,普陀区,7
2026,062004,普陀区,5
2026,062011,普陀区,8
2026,063004,普陀区,7
2026,064001,普陀区,4
2026,092001,普陀区,6
2026,092002,普陀区,4
2026,093001,普陀区,1
2026,102004,普陀区,4
2026,102032,普陀区,8
2026,122001,普陀区,5
2026,122002,普陀区,4
2026,122004,普陀区,5
2026,123001,普陀区,5
2026,132001,普陀区,10
2026,132002,普陀区,10
2026,132003,普陀区,6
2026,133001,普陀区,7
2026,133003,普陀区,2
2026,142001,普陀区,4
2026,142002,普陀区,13
2026,142004,普陀区,5
2026,152001,普陀区,6
2026,152002,普陀区,5
2026,152004,普陀区,8
2026,153001,普陀区,9
2026,153004,普陀区,4
2026,153005,普陀区,8
2026,151078,普陀区,2
2026,152005,普陀区,4
2026,162000,普陀区,3
2026,163002,普陀区,3
2026,172001,普陀区,3
2026,173001,普陀区,5
2026,174003,普陀区,1
2026,182001,普陀区,4
2026,183002,普陀区,4
2026,182002,普陀区,4
2026,202001,普陀区,2
2026,202002,普陀区,2
2026,512000,普陀区,3
2026,042032,静安区,9
2026,102056,静安区,31
2026,102057,静安区,25
2026,152003,静安区,15
2026,012001,静安区,24
2026,012003,静安区,8
2026,012005,静安区,6
2026,012007,静安区,1
2026,012008,静安区,2
2026,012009,静安区,2
2026,012011,静安区,4
2026,042001,静安区,5
2026,042008,静安区,10
2026,042035,静安区,3
2026,043015,静安区,3
2026,042036,静安区,4
2026,052001,静安区,7
2026,052002,静安区,8
2026,053004,静安区,6
2026,062001,静安区,7
2026,062002,静安区,8
2026,062003,静安区,7
2026,062004,静安区,8
2026,062011,静安区,3
2026,063004,静安区,6
2026,064001,静安区,4
2026,072001,静安区,8
2026,072002,静安区,13
2026,073003,静安区,10
2026,073082,静安区,8
2026,092001,静安区,12
2026,092002,静安区,4
2026,093001,静安区,6
2026,102004,静安区,4
2026,102032,静安区,11
2026,103002,静安区,1
2026,122001,静安区,8
2026,123001,静安区,5
2026,122002,静安区,6
2026,122003,静安区,4
2026,122004,静安区,4
2026,132001,静安区,8
2026,132002,静安区,6
2026,133001,静安区,6
2026,132003,静安区,5
2026,133003,静安区,8
2026,142001,静安区,6
2026,142002,静安区,8
2026,152001,静安区,8
2026,152002,静安区,7
2026,152004,静安区,8
2026,153001,静安区,9
2026,153004,静安区,6
2026,153005,静安区,9
2026,151078,静安区,6
2026,152005,静安区,6
2026,162000,静安区,2
2026,163002,静安区,2
2026,172001,静安区,2
2026,173001,静安区,2
2026,172002,静安区,3
2026,174003,静安区,2
2026,182001,静安区,5
2026,183002,静安区,5
2026,182002,静安区,5
2026,202001,静安区,2
2026,202002,静安区,7
2026,512000,静安区,2
2026,512001,静安区,2
2026,042032,长宁区,9
2026,102056,长宁区,8
2026,102057,长宁区,10
2026,152003,长宁区,9
2026,152006,长宁区,2
2026,012001,长宁区,4
2026,012005,长宁区,4
2026,012007,长宁区,2
2026,012008,长宁区,1
2026,012011,长宁区,2
2026,042001,长宁区,6
2026,042008,长宁区,7
2026,042035,长宁区,2
2026,043015,长宁区,4
2026,052001,长宁区,8
2026,052002,长宁区,6
2026,053004,长宁区,5
2026,062001,长宁区,7
2026,062002,长宁区,2
2026,062003,长宁区,3
2026,062004,长宁区,3
2026,062011,长宁区,1
2026,063004,长宁区,3
2026,064001,长宁区,4
2026,072001,长宁区,4
2026,072002,长宁区,6
2026,073003,长宁区,7
2026,073082,长宁区,9
2026,092001,长宁区,2
2026,092002,长宁区,1
2026,102004,长宁区,1
2026,122001,长宁区,3
2026,123001,长宁区,4
2026,122002,长宁区,4
2026,122003,长宁区,2
2026,122004,长宁区,3
2026,132001,长宁区,1
2026,132002,长宁区,3
2026,132003,长宁区,3
2026,133003,长宁区,2
2026,142001,长宁区,4
2026,142002,长宁区,7
2026,142004,长宁区,3
2026,152001,长宁区,6
2026,152002,长宁区,8
2026,152004,长宁区,10
2026,153001,长宁区,1
2026,153004,长宁区,3
2026,153005,长宁区,7
2026,151078,长宁区,4
2026,162000,长宁区,1
2026,163002,长宁区,3
2026,172001,长宁区,2
2026,173001,长宁区,5
2026,174003,长宁区,2
2026,182001,长宁区,5
2026,183002,长宁区,6
2026,182002,长宁区,4
2026,202001,长宁区,2
2026,202002,长宁区,4
2026,512000,长宁区,2
2026,042032,宝山区,11
2026,102056,宝山区,24
2026,102057,宝山区,17
2026,152003,宝山区,10
2026,012001,宝山区,15
2026,012003,宝山区,6
2026,012007,宝山区,4
2026,012008,宝山区,2
2026,012011,宝山区,2
2026,042001,宝山区,2
2026,042008,宝山区,3
2026,042035,宝山区,2
2026,043015,宝山区,2
2026,052001,宝山区,5
2026,052002,宝山区,2
2026,053004,宝山区,1
2026,062001,宝山区,6
2026,062002,宝山区,6
2026,062003,宝山区,28
2026,062004,宝山区,12
2026,062011,宝山区,9
2026,063004,宝山区,12
2026,064001,宝山区,2
2026,072001,宝山区,30
2026,072002,宝山区,10
2026,073003,宝山区,10
2026,092001,宝山区,12
2026,092002,宝山区,4
2026,093001,宝山区,6
2026,102004,宝山区,18
2026,102032,宝山区,10
2026,103002,宝山区,26
2026,122001,宝山区,6
2026,123001,宝山区,10
2026,122002,宝山区,2
2026,122003,宝山区,7
2026,132001,宝山区,11
2026,132002,宝山区,12
2026,133001,宝山区,10
2026,132003,宝山区,5
2026,133003,宝山区,6
2026,142001,宝山区,9
2026,142002,宝山区,8
2026,142004,宝山区,4
2026,152001,宝山区,9
2026,152002,宝山区,8
2026,152004,宝山区,8
2026,153001,宝山区,5
2026,153004,宝山区,8
2026,153005,宝山区,5
2026,151078,宝山区,9
2026,152005,宝山区,2
2026,162000,宝山区,2
2026,163002,宝山区,2
2026,172001,宝山区,3
2026,173001,宝山区,3
2026,174003,宝山区,4
2026,182001,宝山区,6
2026,183002,宝山区,7
2026,182002,宝山区,4
2026,202001,宝山区,2
2026,202002,宝山区,2
2026,512000,宝山区,8
2026,512001,宝山区,2
2026,042032,杨浦区,8
2026,102056,杨浦区,47
2026,102057,杨浦区,46
2026,152003,杨浦区,6
2026,012001,杨浦区,9
2026,012003,杨浦区,3
2026,012005,杨浦区,4
2026,012007,杨浦区,5
2026,012008,杨浦区,4
2026,012009,杨浦区,2
2026,012011,杨浦区,4
2026,042001,杨浦区,3
2026,042008,杨浦区,2
2026,042035,杨浦区,2
2026,043015,杨浦区,2
2026,042036,杨浦区,3
2026,052001,杨浦区,5
2026,052002,杨浦区,4
2026,053004,杨浦区,3
2026,062001,杨浦区,6
2026,062002,杨浦区,2
2026,062003,杨浦区,5
2026,062004,杨浦区,8
2026,062011,杨浦区,6
2026,063004,杨浦区,2
2026,072002,杨浦区,2
2026,073003,杨浦区,6
2026,092001,杨浦区,16
2026,092002,杨浦区,15
2026,093001,杨浦区,12
2026,102004,杨浦区,10
2026,102032,杨浦区,10
2026,103002,杨浦区,8
2026,122001,杨浦区,4
2026,123001,杨浦区,3
2026,122002,杨浦区,6
2026,122003,杨浦区,5
2026,122004,杨浦区,3
2026,132001,杨浦区,12
2026,132002,杨浦区,12
2026,133001,杨浦区,9
2026,132003,杨浦区,5
2026,133003,杨浦区,4
2026,142001,杨浦区,5
2026,142002,杨浦区,8
2026,142004,杨浦区,3
2026,152001,杨浦区,12
2026,152002,杨浦区,9
2026,152004,杨浦区,4
2026,153001,杨浦区,10
2026,153004,杨浦区,8
2026,153005,杨浦区,8
2026,151078,杨浦区,13
2026,152005,杨浦区,15
2026,162000,杨浦区,2
2026,163002,杨浦区,4
2026,172001,杨浦区,4
2026,173001,杨浦区,4
2026,172002,杨浦区,5
2026,174003,杨浦区,2
2026,182001,杨浦区,6
2026,183002,杨浦区,5
2026,182002,杨浦区,4
2026,202001,杨浦区,2
2026,202002,杨浦区,2
2026,512000,杨浦区,2
2026,512001,杨浦区,3
2026,042032,闵行区,57
2026,102056,闵行区,37
2026,102057,闵行区,34
2026,152003,闵行区,22
2026,152006,闵行区,50
2026,012001,闵行区,6
2026,012003,闵行区,15
2026,012007,闵行区,15
2026,012008,闵行区,12
2026,012009,闵行区,10
2026,012010,闵行区,20
2026,012006,闵行区,23
2026,012011,闵行区,5
2026,042008,闵行区,16
2026,042035,闵行区,34
2026,043015,闵行区,20
2026,042002,闵行区,31
2026,042036,闵行区,10
2026,052001,闵行区,6
2026,052002,闵行区,8
2026,053004,闵行区,7
2026,062001,闵行区,8
2026,062002,闵行区,5
2026,062003,闵行区,4
2026,062004,闵行区,8
2026,062011,闵行区,7
2026,063004,闵行区,3
2026,064001,闵行区,2
2026,072002,闵行区,6
2026,073003,闵行区,6
2026,073082,闵行区,5
2026,092002,闵行区,2
2026,093001,闵行区,3
2026,102004,闵行区,4
2026,102032,闵行区,7
2026,103002,闵行区,1
2026,122001,闵行区,12
2026,123001,闵行区,12
2026,122002,闵行区,8
2026,122003,闵行区,9
2026,122004,闵行区,7
2026,132001,闵行区,8
2026,132002,闵行区,16
2026,133001,闵行区,7
2026,132003,闵行区,3
2026,133003,闵行区,3
2026,142001,闵行区,10
2026,142002,闵行区,8
2026,142004,闵行区,4
2026,152001,闵行区,8
2026,152002,闵行区,9
2026,152004,闵行区,14
2026,153001,闵行区,11
2026,153004,闵行区,8
2026,153005,闵行区,8
2026,151078,闵行区,15
2026,152005,闵行区,6
2026,162000,闵行区,14
2026,163002,闵行区,9
2026,172001,闵行区,13
2026,173001,闵行区,8
2026,172002,闵行区,10
2026,172004,闵行区,14
2026,174003,闵行区,17
2026,182001,闵行区,17
2026,183002,闵行区,16
2026,202001,闵行区,18
2026,202002,闵行区,8
2026,512000,闵行区,10
2026,042032,金山区,4
2026,102056,金山区,1
2026,102057,金山区,4
2026,152003,金山区,5
2026,152006,金山区,2
2026,012001,金山区,3
2026,012011,金山区,1
2026,042001,金山区,2
2026,042008,金山区,5
2026,042035,金山区,4
2026,043015,金山区,2
2026,052002,金山区,2
2026,062002,金山区,2
2026,092002,金山区,2
2026,102004,金山区,1
2026,122001,金山区,5
2026,123001,金山区,6
2026,122003,金山区,2
2026,132002,金山区,1
2026,133001,金山区,4
2026,142002,金山区,3
2026,142004,金山区,2
2026,152001,金山区,6
2026,152002,金山区,7
2026,152004,金山区,6
2026,153001,金山区,4
2026,153004,金山区,6
2026,153005,金山区,1
2026,151078,金山区,3
2026,162000,金山区,8
2026,163002,金山区,8
2026,172001,金山区,11
2026,173001,金山区,6
2026,172004,金山区,2
2026,174003,金山区,7
2026,182001,金山区,7
2026,183002,金山区,8
2026,202001,金山区,15
2026,202002,金山区,2
2026,042032,青浦区,4
2026,102056,青浦区,7
2026,102057,青浦区,4
2026,152003,青浦区,6
2026,152006,青浦区,2
2026,012003,青浦区,6
2026,012011,青浦区,3
2026,042001,青浦区,2
2026,042008,青浦区,4
2026,042035,青浦区,1
2026,043015,青浦区,2
2026,052001,青浦区,3
2026,052002,青浦区,3
2026,062002,青浦区,3
2026,062003,青浦区,1
2026,062011,青浦区,1
2026,092002,青浦区,1
2026,102004,青浦区,1
2026,102032,青浦区,1
2026,122001,青浦区,8
2026,123001,青浦区,4
2026,122002,青浦区,3
2026,122004,青浦区,3
2026,132001,青浦区,2
2026,132002,青浦区,2
2026,133001,青浦区,2
2026,133003,青浦区,2
2026,142001,青浦区,4
2026,142002,青浦区,4
2026,142004,青浦区,4
2026,152001,青浦区,2
2026,152002,青浦区,5
2026,152004,青浦区,5
2026,153001,青浦区,4
2026,153004,青浦区,6
2026,153005,青浦区,3
2026,162000,青浦区,4
2026,163002,青浦区,3
2026,172001,青浦区,12
2026,173001,青浦区,8
2026,172002,青浦区,8
2026,172004,青浦区,2
2026,174003,青浦区,13
2026,182001,青浦区,13
2026,183002,青浦区,13
2026,202001,青浦区,3
2026,202002,青浦区,1
2026,042032,奉贤区,4
2026,102056,奉贤区,5
2026,102057,奉贤区,4
2026,152003,奉贤区,5
2026,152006,奉贤区,2
2026,012001,奉贤区,2
2026,012002,奉贤区,20
2026,012011,奉贤区,1
2026,042001,奉贤区,1
2026,042035,奉贤区,1
2026,043015,奉贤区,2
2026,062002,奉贤区,4
2026,062011,奉贤区,2
2026,073003,奉贤区,2
2026,092002,奉贤区,1
2026,102004,奉贤区,1
2026,122001,奉贤区,3
2026,123001,奉贤区,6
2026,122002,奉贤区,3
2026,122003,奉贤区,6
2026,122004,奉贤区,4
2026,132001,奉贤区,4
2026,132002,奉贤区,3
2026,133001,奉贤区,4
2026,133003,奉贤区,3
2026,142001,奉贤区,3
2026,142004,奉贤区,4
2026,152001,奉贤区,2
2026,152002,奉贤区,5
2026,152004,奉贤区,15
2026,153001,奉贤区,4
2026,153004,奉贤区,5
2026,153005,奉贤区,3
2026,151078,奉贤区,3
2026,162000,奉贤区,2
2026,163002,奉贤区,6
2026,172001,奉贤区,2
2026,173001,奉贤区,8
2026,174003,奉贤区,2
2026,182001,奉贤区,10
2026,183002,奉贤区,10
2026,202001,奉贤区,5
2026,202002,奉贤区,3
2026,042032,崇明区,2
2026,102056,崇明区,2
2026,102057,崇明区,2
2026,152003,崇明区,1
2026,012011,崇明区,1
2026,062002,崇明区,1
2026,073003,崇明区,1
2026,102032,崇明区,2
2026,123001,崇明区,1
2026,132001,崇明区,18
2026,132002,崇明区,3
2026,133001,崇明区,4
2026,132003,崇明区,2
2026,133003,崇明区,4
2026,142004,崇明区,2
2026,152001,崇明区,4
2026,152002,崇明区,2
2026,152004,崇明区,6
2026,153001,崇明区,5
2026,153004,崇明区,5
2026,153005,崇明区,1
2026,152005,崇明区,3
2026,163002,崇明区,2
2026,173001,崇明区,1
2026,174003,崇明区,1
2026,182001,崇明区,2
2026,183002,崇明区,3
2026,202001,崇明区,2
2026,512000,崇明区,7
2026,512001,崇明区,3
2026,042032,虹口区,7
2026,102056,虹口区,20
2026,102057,虹口区,14
2026,152003,虹口区,9
2026,012001,虹口区,9
2026,012003,虹口区,2
2026,012007,虹口区,1
2026,012008,虹口区,2
2026,012009,虹口区,3
2026,012011,虹口区,2
2026,042001,虹口区,4
2026,042008,虹口区,2
2026,042035,虹口区,3
2026,043015,虹口区,3
2026,052001,虹口区,5
2026,052002,虹口区,2
2026,053004,虹口区,3
2026,062002,虹口区,2
2026,062003,虹口区,6
2026,062004,虹口区,5
2026,062011,虹口区,2
2026,063004,虹口区,7
2026,064001,虹口区,1
2026,072002,虹口区,2
2026,073003,虹口区,7
2026,073082,虹口区,5
2026,092001,虹口区,8
2026,092002,虹口区,7
2026,093001,虹口区,6
2026,102004,虹口区,12
2026,102032,虹口区,10
2026,103002,虹口区,1
2026,122001,虹口区,4
2026,123001,虹口区,2
2026,122002,虹口区,3
2026,122003,虹口区,2
2026,132001,虹口区,8
2026,132002,虹口区,5
2026,133001,虹口区,4
2026,132003,虹口区,4
2026,133003,虹口区,6
2026,142001,虹口区,4
2026,142002,虹口区,10
2026,142004,虹口区,2
2026,152001,虹口区,10
2026,152002,虹口区,2
2026,152004,虹口区,8
2026,153001,虹口区,7
2026,153004,虹口区,3
2026,153005,虹口区,9
2026,151078,虹口区,2
2026,152005,虹口区,6
2026,162000,虹口区,1
2026,163002,虹口区,3
2026,172001,虹口区,2
2026,173001,虹口区,4
2026,174003,虹口区,2
2026,182001,虹口区,5
2026,183002,虹口区,4
2026,182002,虹口区,3
2026,202001,虹口区,2
2026,202002,虹口区,2
2026,512000,虹口区,2
2026,512001,虹口区,3
2026,042032,松江区,10
2026,102056,松江区,18
2026,102057,松江区,10
2026,152003,松江区,10
2026,152006,松江区,5
2026,012001,松江区,8
2026,012003,松江区,6
2026,012007,松江区,3
2026,012008,松江区,5
2026,012009,松江区,3
2026,012010,松江区,15
2026,012011,松江区,2
2026,042001,松江区,3
2026,042008,松江区,5
2026,042035,松江区,5
2026,043015,松江区,6
2026,042036,松江区,3
2026,052001,松江区,3
2026,052002,松江区,3
2026,053004,松江区,2
2026,062002,松江区,4
2026,062011,松江区,1
2026,072001,松江区,8
2026,072002,松江区,2
2026,092002,松江区,7
2026,102004,松江区,1
2026,102032,松江区,1
2026,122001,松江区,14
2026,123001,松江区,12
2026,122002,松江区,3
2026,122003,松江区,13
2026,122004,松江区,6
2026,132002,松江区,2
2026,133001,松江区,5
2026,133003,松江区,2
2026,142001,松江区,7
2026,142002,松江区,3
2026,142004,松江区,5
2026,152001,松江区,5
2026,152002,松江区,11
2026,152004,松江区,7
2026,153001,松江区,9
2026,153004,松江区,10
2026,153005,松江区,3
2026,151078,松江区,6
2026,162000,松江区,14
2026,163002,松江区,8
2026,172001,松江区,8
2026,173001,松江区,8
2026,172002,松江区,5
2026,172004,松江区,3
2026,174003,松江区,8
2026,182001,松江区,20
2026,183002,松江区,17
2026,182002,松江区,8
2026,202001,松江区,10
2026,512000,松江区,3
2026,042032,浦东新区,43
2026,102056,浦东新区,67
2026,102057,浦东新区,46
2026,152003,浦东新区,132
2026,152006,浦东新区,117
2026,155001,浦东新区,52
2026,012001,浦东新区,25
2026,012003,浦东新区,66
2026,012005,浦东新区,27
2026,012007,浦东新区,50
2026,012008,浦东新区,46
2026,012009,浦东新区,45
2026,012010,浦东新区,35
2026,012011,浦东新区,4
2026,042001,浦东新区,3
2026,042008,浦东新区,10
2026,042035,浦东新区,16
2026,043015,浦东新区,18
2026,042036,浦东新区,8
2026,052001,浦东新区,13
2026,052002,浦东新区,10
2026,053004,浦东新区,8
2026,062001,浦东新区,16
2026,062002,浦东新区,12
2026,062003,浦东新区,6
2026,062004,浦东新区,24
2026,062011,浦东新区,10
2026,063004,浦东新区,10
2026,064001,浦东新区,15
2026,072001,浦东新区,10
2026,072002,浦东新区,19
2026,073003,浦东新区,9
2026,092001,浦东新区,16
2026,092002,浦东新区,18
2026,093001,浦东新区,16
2026,102004,浦东新区,40
2026,102032,浦东新区,22
2026,103002,浦东新区,48
2026,122001,浦东新区,22
2026,123001,浦东新区,28
2026,122002,浦东新区,19
2026,122003,浦东新区,17
2026,122004,浦东新区,20
2026,132001,浦东新区,20
2026,132002,浦东新区,26
2026,133001,浦东新区,28
2026,132003,浦东新区,6
2026,133003,浦东新区,8
2026,142001,浦东新区,9
2026,142002,浦东新区,12
2026,142004,浦东新区,8
2026,152001,浦东新区,11
2026,152002,浦东新区,11
2026,152004,浦东新区,14
2026,153001,浦东新区,11
2026,153004,浦东新区,10
2026,153005,浦东新区,9
2026,151078,浦东新区,16
2026,152005,浦东新区,8
2026,162000,浦东新区,11
2026,163002,浦东新区,14
2026,172001,浦东新区,11
2026,173001,浦东新区,8
2026,172002,浦东新区,12
2026,172004,浦东新区,4
2026,174003,浦东新区,12
2026,182001,浦东新区,14
2026,183002,浦东新区,14
2026,182002,浦东新区,4
2026,202001,浦东新区,21
2026,202002,浦东新区,17
2026,512000,浦东新区,15
2026,512001,浦东新区,18
