id,code,full_name,short_name,district,school_type_id,school_nature_id
161,125117,上海闵行区诺达双语学校,诺达双语,闵行区,GENERAL,PRIVATE
348,044181,上海民办位育中学,民办位育,徐汇区,GENERAL,PRIVATE
353,125029,上海市第二体育运动学校（上海市体育中学）,市体育中学,闵行区,GENERAL,PUBLIC
359,173004,上海对外经贸大学附属松江高级中学,外贸大松江高中,松江区,GENERAL,PUBLIC
366,153015,上海市浦东复旦附中分校,浦东复旦附中分校,浦东新区,CITY_MODEL,PUBLIC
59,044133,华东理工大学附属中学,华理附中,徐汇区,GENERAL,PUBLIC
343,094004,上海市友谊中学,友谊中学,虹口区,GENERAL,PUBLIC
73,054043,上海市民办新虹桥中学,新虹桥,长宁区,GENERAL,PRIVATE
88,063008,上海市久隆模范中学,久隆模范,静安区,DISTRICT_MODEL,PUBLIC
32,012003,上海市大同中学,大同中学,黄浦区,CITY_MODEL,PUBLIC
187,142003,上海市嘉定区嘉一实验高级中学,嘉一实验,嘉定区,DISTRICT_MODEL,PUBLIC
97,072002,上海市曹杨第二中学,曹杨二中,普陀区,CITY_MODEL,PUBLIC
124,103012,上海市市东实验学校（上海市市东中学）,市东实验,杨浦区,DISTRICT_MODEL,PUBLIC
63,044164,上海市西南模范中学,西南模范,徐汇区,GENERAL,PRIVATE
60,044162,上海市西南位育中学,西南位育,徐汇区,GENERAL,PRIVATE
367,181001,上海市青浦区实验中学,青浦实验中学,青浦区,,PUBLIC
107,074081,上海安生学校,安生学校,普陀区,GENERAL,PRIVATE
126,103049,上海市同济中学,同济中学,杨浦区,DISTRICT_MODEL,PUBLIC
132,102058,复旦大学第二附属中学,复旦二附,杨浦区,GENERAL,PUBLIC
242,155056,上海浦东新区民办康德学校,康德学校,浦东新区,GENERAL,PRIVATE
267,175018,上海市西外外国语学校,西外,松江区,GENERAL,PRIVATE
268,175021,上海民办包玉刚实验高中,包玉刚,松江区,GENERAL,PRIVATE
145,125028,华东师范大学附属闵行永德学校,华师永德,闵行区,GENERAL,PUBLIC
277,184006,上海青浦区世外高级中学,青浦世外,青浦区,GENERAL,PRIVATE
278,184007,上海青浦区宏润博源高级中学,宏润博源,青浦区,GENERAL,PRIVATE
286,204006,上海师范大学第四附属中学,上师大四附,奉贤区,GENERAL,PUBLIC
287,204008,上海市奉贤区景秀高级中学,景秀高中,奉贤区,GENERAL,PUBLIC
243,155057,上海浦东新区民办籽奥高级中学,籽奥高中,浦东新区,GENERAL,PRIVATE
108,074085,上海市曹杨第二中学东校,曹二东校,普陀区,GENERAL,PUBLIC
140,123002,上海市莘庄中学,莘庄中学,闵行区,DISTRICT_MODEL,PUBLIC
130,104066,上海市民星中学,民星中学,杨浦区,DISTRICT_MODEL,PUBLIC
322,044223,上海市紫竹园中学,紫竹园中学,徐汇区,DISTRICT_FEATURED,PUBLIC
129,104050,上海理工大学附属杨浦少云中学,少云中学,杨浦区,DISTRICT_MODEL,PUBLIC
257,174009,上海师范大学附属外国语中学,上师外附,松江区,DISTRICT_MODEL,PUBLIC
95,064024,上海市民办风范中学,风范中学,静安区,GENERAL,PRIVATE
149,124013,上海市闵行区实验高级中学,闵行实验,闵行区,GENERAL,PUBLIC
148,124012,上海市闵行中学东校,闵中东校,闵行区,GENERAL,PUBLIC
156,124114,上海市闵行区教育学院附属中学,闵教附中,闵行区,GENERAL,PUBLIC
143,124022,北京外国语大学附属上海闵行田园高级中学,北外田园,闵行区,DISTRICT_MODEL,PUBLIC
189,144006,上海市嘉定区封浜高级中学,封浜高中,嘉定区,DISTRICT_MODEL,PUBLIC
89,063077,上海市闸北第八中学,闸北八中,静安区,DISTRICT_MODEL,PUBLIC
368,069004,上海戏剧学院附属高级中学（艺术班）,上戏附中艺术班,静安区,DISTRICT_MODEL,PUBLIC
369,079016,上海音乐学院附属安师实验中学（艺术班）,上音安师艺术班,普陀区,DISTRICT_MODEL,PUBLIC
31,012001,上海市格致中学,格致中学,黄浦区,CITY_MODEL,PUBLIC
162,125119,上海闵行区民办德闳学校,德闳学校,闵行区,GENERAL,PRIVATE
75,062001,上海市市西中学,市西中学,静安区,CITY_MODEL,PUBLIC
176,134012,上海存志高级中学,存志高中,宝山区,GENERAL,PRIVATE
178,134014,上海创艺高级中学,创艺高中,宝山区,GENERAL,PRIVATE
173,134006,上海市高境第一中学,高境一中,宝山区,GENERAL,PUBLIC
181,135003,上海金瑞学校,金瑞学校,宝山区,GENERAL,PRIVATE
174,134009,上海市宝山区海滨中学,海滨中学,宝山区,GENERAL,PUBLIC
210,153012,华东理工大学附属浦东科技高级中学,华理浦东,浦东新区,DISTRICT_MODEL,PUBLIC
171,134005,上海市行知实验中学,行知实验,宝山区,DISTRICT_MODEL,PUBLIC
212,154003,上海市文建中学,文建中学,浦东新区,DISTRICT_MODEL,PUBLIC
47,014006,上海市同济黄浦设计创意中学,同济黄浦,黄浦区,GENERAL,PUBLIC
160,125115,上海闵行区万科双语学校,万科双语,闵行区,GENERAL,PRIVATE
96,072001,上海市晋元高级中学,晋元高中,普陀区,CITY_MODEL,PUBLIC
188,144010,上海市嘉定区中光高级中学,中光高中,嘉定区,DISTRICT_MODEL,PUBLIC
191,145018,上海华旭双语学校,华旭双语,嘉定区,GENERAL,PRIVATE
44,014001,上海市金陵中学,金陵中学,黄浦区,GENERAL,PUBLIC
55,044103,上海市中国中学,中国中学,徐汇区,DISTRICT_MODEL,PUBLIC
183,142001,上海市嘉定区第一中学,嘉定一中,嘉定区,CITY_MODEL,PUBLIC
78,062004,上海市市北中学,市北中学,静安区,CITY_MODEL,PUBLIC
141,123003,上海外国语大学闵行外国语中学,上外闵外,闵行区,GENERAL,PUBLIC
164,132001,上海市行知中学,行知中学,宝山区,CITY_MODEL,PUBLIC
87,063007,上海市彭浦中学,彭浦中学,静安区,DISTRICT_MODEL,PUBLIC
92,064008,上海大学市北附属中学,市北附中,静安区,GENERAL,PRIVATE
175,134010,上海民办行中中学,行中中学,宝山区,GENERAL,PRIVATE
206,153008,上海市新川中学,新川中学,浦东新区,DISTRICT_MODEL,PUBLIC
34,012007,上海外国语大学附属大境中学,大境中学,黄浦区,CITY_MODEL,PUBLIC
49,042008,上海市南洋模范中学,南洋模范,徐汇区,CITY_MODEL,PUBLIC
52,042002,上海市第二中学（梅陇校区）,市二梅陇,徐汇区,CITY_POLICY,PUBLIC
98,073003,上海市宜川中学,宜川中学,普陀区,CITY_MODEL,PUBLIC
190,145007,上海市民办远东学校,远东学校,嘉定区,GENERAL,PRIVATE
165,132002,上海大学附属中学,上大附中,宝山区,CITY_MODEL,PUBLIC
77,062003,上海市新中高级中学,新中高中,静安区,CITY_MODEL,PUBLIC
204,153006,上海市三林中学,三林中学,浦东新区,DISTRICT_MODEL,PUBLIC
33,012005,上海市向明中学,向明中学,黄浦区,CITY_MODEL,PUBLIC
72,054010,上海市西郊学校,西郊学校,长宁区,GENERAL,PUBLIC
39,012006,上海市向明中学（浦江校区）,向明浦江,黄浦区,CITY_POLICY,PUBLIC
186,143001,上海市嘉定区第二中学,嘉定二中,嘉定区,CITY_FEATURED,PUBLIC
207,153009,华东师范大学附属周浦中学,周浦中学,浦东新区,DISTRICT_MODEL,PUBLIC
203,153003,上海市上南中学,上南中学,浦东新区,DISTRICT_MODEL,PUBLIC
151,124019,上海中医药大学附属浦江高级中学,上中医浦江,闵行区,GENERAL,PUBLIC
64,044239,上海市徐汇区董恒甫高级中学,董恒甫高中,徐汇区,GENERAL,PUBLIC
150,124015,上海市七宝中学浦江分校,七宝浦江,闵行区,GENERAL,PUBLIC
125,103026,上海财经大学附属中学,财大附中,杨浦区,DISTRICT_MODEL,PUBLIC
227,154048,民办上海工商外国语职业学院附属中学,工商外附,浦东新区,GENERAL,PRIVATE
219,151087,上海市浦东外国语学校东校,浦外东校,浦东新区,GENERAL,PUBLIC
214,154012,上海市浦东中学,浦东中学,浦东新区,DISTRICT_MODEL,PUBLIC
216,154044,上海市建平世纪中学,建平世纪,浦东新区,DISTRICT_MODEL,PUBLIC
223,154033,上海市浦东新区民办浦实高级中学,浦实高中,浦东新区,GENERAL,PRIVATE
215,154016,上海立信会计金融学院附属高行中学,立信高行,浦东新区,DISTRICT_MODEL,PUBLIC
218,154050,上海市南汇第一中学,南汇一中,浦东新区,DISTRICT_MODEL,PUBLIC
217,154046,上海交通大学附属中学浦东实验高中,交附浦实,浦东新区,DISTRICT_MODEL,PUBLIC
345,143003,上海市嘉定区安亭高级中学,安亭高级中学,嘉定区,DISTRICT_EXPERIMENTAL,PUBLIC
133,104021,上海市民办上实剑桥外国语中学,上实剑桥,杨浦区,GENERAL,PRIVATE
123,103039,上海理工大学附属中学,上理工附中,杨浦区,CITY_FEATURED,PUBLIC
62,044083,上海市民办西南高级中学,西南高中,徐汇区,GENERAL,PRIVATE
112,093001,上海财经大学附属北郊高级中学,北郊高中,虹口区,CITY_MODEL,PUBLIC
115,093004,上海市继光高级中学,继光高中,虹口区,GENERAL,PUBLIC
172,134003,上海市淞浦中学,淞浦中学,宝山区,GENERAL,PUBLIC
152,124020,上海市金汇高级中学,金汇高中,闵行区,GENERAL,PUBLIC
68,053004,上海市复旦中学,复旦中学,长宁区,CITY_MODEL,PUBLIC
155,124111,上海协和双语高级中学,协和双语,闵行区,GENERAL,PRIVATE
180,135001,上海市同洲模范学校,同洲模范,宝山区,GENERAL,PRIVATE
158,125008,上海交通大学附属闵行实验学校,交附闵实,闵行区,GENERAL,PUBLIC
229,154052,上海市泥城中学,泥城中学,浦东新区,GENERAL,PUBLIC
65,044101,上海市位育附属徐汇科技实验中学,位育实验,徐汇区,DISTRICT_MODEL,PUBLIC
168,133003,华东师范大学第二附属中学（宝山校区）,华二宝山,宝山区,CITY_POLICY,PUBLIC
185,142004,上海师范大学附属中学嘉定新城分校,上师大嘉定,嘉定区,CITY_POLICY,PUBLIC
50,042035,上海市位育中学,位育中学,徐汇区,CITY_MODEL,PUBLIC
79,062011,上海市回民中学,回民中学,静安区,CITY_MODEL,PUBLIC
36,012009,上海市敬业中学,敬业中学,黄浦区,CITY_MODEL,PUBLIC
66,052001,上海市第三女子中学,市三女中,长宁区,CITY_MODEL,PUBLIC
84,063001,上海市民立中学,民立中学,静安区,DISTRICT_MODEL,PUBLIC
142,124005,华东理工大学附属闵行科技高级中学,华理闵行,闵行区,GENERAL,PUBLIC
166,133001,上海市吴淞中学,吴淞中学,宝山区,CITY_MODEL,PUBLIC
192,145030,上海嘉定区民办华盛怀少学校,华盛怀少,嘉定区,GENERAL,PRIVATE
139,124006,上海市闵行第三中学,闵行三中,闵行区,CITY_FEATURED,PUBLIC
120,102004,上海市杨浦高级中学,杨浦高级,杨浦区,CITY_MODEL,PUBLIC
328,153002,华东师范大学附属东昌中学,东昌中学,浦东新区,DISTRICT_FEATURED,PUBLIC
56,044107,上海市第五十四中学,市五十四中学,徐汇区,GENERAL,PUBLIC
222,152008,上海市进才中学根林分校,进才根林,浦东新区,GENERAL,PUBLIC
220,151082,上海民办光华中学,光华中学,浦东新区,GENERAL,PRIVATE
228,154051,上海市老港中学,老港中学,浦东新区,GENERAL,PUBLIC
226,154047,上海市祝桥高级中学,祝桥高中,浦东新区,GENERAL,PUBLIC
231,155002,上海市长岛中学,长岛中学,浦东新区,GENERAL,PUBLIC
285,204005,上海应用技术大学附属奉贤奉城高级中学,奉城高中,奉贤区,DISTRICT_MODEL,PUBLIC
3,102057,复旦大学附属中学,复旦附中,上海市,CITY_MODEL,PUBLIC
37,012010,上海市卢湾高级中学,卢湾高中,黄浦区,CITY_MODEL,PUBLIC
280,185008,上海宋庆龄学校,宋庆龄学校,青浦区,GENERAL,PRIVATE
236,155047,上海浦东新区民办沪港学校,沪港学校,浦东新区,GENERAL,PRIVATE
269,175024,上海赫贤学校,赫贤学校,松江区,GENERAL,PRIVATE
234,155041,上海浦东新区民办东鼎外国语学校,东鼎外国语,浦东新区,GENERAL,PRIVATE
238,155050,上海浦东新区民办万科学校,万科学校,浦东新区,GENERAL,PRIVATE
232,155008,上海市民办平和学校,平和学校,浦东新区,GENERAL,PRIVATE
250,164006,上海枫叶双语学校,枫叶双语,金山区,GENERAL,PRIVATE
264,174007,上海市松江区民办茸一中学,茸一中学,松江区,GENERAL,PRIVATE
251,164008,上海市民办永昌中学,永昌中学,金山区,GENERAL,PRIVATE
239,155052,上海浦东新区民办惠立学校,惠立学校,浦东新区,GENERAL,PRIVATE
263,173002,上海市松江区科德高级中学,科德高中,松江区,GENERAL,PRIVATE
265,174008,上海市松江九峰实验学校,九峰实验,松江区,GENERAL,PRIVATE
261,174001,上海市松江区立达中学,立达中学,松江区,GENERAL,PUBLIC
233,155013,上海市民办金苹果学校,金苹果,浦东新区,GENERAL,PRIVATE
270,175025,上海松江区爱菊学校,爱菊学校,松江区,GENERAL,PRIVATE
262,174002,上海市松江区第四中学,松江四中,松江区,GENERAL,PUBLIC
256,174003,上海外国语大学附属外国语学校松江云间中学,云间中学,松江区,CITY_POLICY,PUBLIC
290,512001,上海市实验学校东滩高级中学,实验东滩,崇明区,CITY_POLICY,PUBLIC
138,122004,上海交通大学附属中学闵行分校,交大闵分,闵行区,CITY_POLICY,PUBLIC
101,074005,同济大学第二附属中学,同济二附中,普陀区,CITY_FEATURED,PUBLIC
200,152005,上海市浦东复旦附中分校,浦外分校,浦东新区,CITY_POLICY,PUBLIC
58,044114,上海市零陵中学,零陵中学,徐汇区,GENERAL,PUBLIC
61,041363,上海市世外中学,世外中学,徐汇区,GENERAL,PRIVATE
67,052002,上海市延安中学,延安中学,长宁区,CITY_MODEL,PUBLIC
71,054030,上海市仙霞高级中学,仙霞高中,长宁区,DISTRICT_MODEL,PUBLIC
266,174013,上海领科双语学校,领科双语,松江区,GENERAL,PRIVATE
35,012008,上海市光明中学,光明中学,黄浦区,CITY_MODEL,PUBLIC
1,042032,上海市上海中学,上海中学,上海市,CITY_MODEL,PUBLIC
100,073004,上海市曹杨中学,曹杨中学,普陀区,CITY_FEATURED,PUBLIC
105,074011,上海市桃浦中学,桃浦中学,普陀区,GENERAL,PUBLIC
109,075013,上海培佳双语学校,培佳双语,普陀区,GENERAL,PRIVATE
346,163000,上海市张堰中学,张堰中学,金山区,DISTRICT_EXPERIMENTAL,PUBLIC
248,164002,上海体育大学附属金山亭林中学,亭林中学,金山区,DISTRICT_MODEL,PUBLIC
237,155049,上海民办华曜浦东实验学校,华曜浦东,浦东新区,GENERAL,PRIVATE
240,155053,上海浦东新区民办宏文学校,宏文学校,浦东新区,GENERAL,PRIVATE
296,514013,上海市崇明区横沙中学,横沙中学,崇明区,GENERAL,PUBLIC
349,064016,复旦附中静安高级中学,复旦附中静安,静安区,GENERAL,PUBLIC
235,155043,上海市民办尚德实验学校,尚德实验,浦东新区,GENERAL,PRIVATE
336,154024,华东师范大学张江实验中学,张江实验,浦东新区,GENERAL,PUBLIC
90,064007,上海市向东中学,向东中学,静安区,GENERAL,PUBLIC
93,064021,上海市民办扬波中学,扬波中学,静安区,GENERAL,PRIVATE
85,063002,上海市第一中学,市一中,静安区,DISTRICT_MODEL,PUBLIC
103,074016,上海音乐学院附属安师实验中学,安师实验,普陀区,DISTRICT_MODEL,PUBLIC
297,144011,上海大学附属嘉定高级中学,上大附属嘉定高中,嘉定区,DISTRICT_EXPERIMENTAL,PUBLIC
275,184003,上海市青浦区第二中学,青浦二中,青浦区,GENERAL,PUBLIC
245,163002,华东师范大学第三附属中学,华师三附,金山区,CITY_MODEL,PUBLIC
252,172001,上海市松江二中,松江二中,松江区,CITY_MODEL,PUBLIC
295,514010,上海民办民一中学,民一中学,崇明区,GENERAL,PRIVATE
253,173001,上海市松江一中,松江一中,松江区,CITY_MODEL,PUBLIC
86,063003,上海市风华中学,风华中学,静安区,DISTRICT_MODEL,PUBLIC
69,053003,华东师范大学附属天山学校,天山学校,长宁区,DISTRICT_MODEL,PUBLIC
179,134015,上海市宝山华曜高级中学,宝山华曜高中,宝山区,GENERAL,PRIVATE
279,185014,上海青浦区协和双语学校,青浦协和,青浦区,GENERAL,PRIVATE
70,053005,上海市建青实验学校,建青实验,长宁区,DISTRICT_MODEL,PUBLIC
292,513001,上海市崇明区民本中学,民本中学,崇明区,DISTRICT_MODEL,PUBLIC
294,514004,上海市崇明区堡镇中学,堡镇中学,崇明区,DISTRICT_MODEL,PUBLIC
208,153010,上海海洋大学附属大团高级中学,大团高中,浦东新区,DISTRICT_MODEL,PUBLIC
128,103075,上海市复旦实验中学,复旦实验,杨浦区,DISTRICT_MODEL,PUBLIC
45,014003,上海市市南中学,市南中学,黄浦区,GENERAL,PUBLIC
201,155004,上海外国语大学附属浦东外国语学校,浦外,浦东新区,GENERAL,PUBLIC
205,153007,上海市杨思高级中学,杨思高中,浦东新区,DISTRICT_MODEL,PUBLIC
177,134013,上海宝山区民办维尚高级中学,维尚高中,宝山区,GENERAL,PRIVATE
147,124011,上海市七宝中学附属鑫都实验中学,七宝鑫都,闵行区,GENERAL,PUBLIC
293,513009,上海市扬子中学,扬子中学,崇明区,DISTRICT_MODEL,PUBLIC
144,124108,上海市文来中学,文来中学,闵行区,DISTRICT_MODEL,PRIVATE
41,013003,上海市第十中学,市十中学,黄浦区,DISTRICT_MODEL,PUBLIC
202,154013,上海海事大学附属北蔡高级中学,海事附中,浦东新区,CITY_FEATURED,PUBLIC
54,044109,上海市徐汇中学,徐汇中学,徐汇区,CITY_FEATURED,PUBLIC
323,064020,上海田家炳中学,田家炳中学,静安区,DISTRICT_MODEL,PRIVATE
244,162000,上海市金山中学,金山中学,金山区,CITY_MODEL,PUBLIC
276,184004,上海市青浦区东湖中学,东湖中学,青浦区,GENERAL,PUBLIC
131,104073,上海体育大学附属中学,体院附中,杨浦区,GENERAL,PUBLIC
104,074010,上海市长征中学,长征中学,普陀区,DISTRICT_MODEL,PUBLIC
5,152006,上海师范大学附属中学,上师大附中,上海市,CITY_MODEL,PUBLIC
344,143002,上海师范大学附属嘉定高级中学,师大附属嘉定高中,嘉定区,DISTRICT_EXPERIMENTAL,PUBLIC
271,182001,上海市青浦高级中学,青浦高中,青浦区,CITY_MODEL,PUBLIC
43,013004,上海理工大学附属储能中学,理工储能,黄浦区,DISTRICT_MODEL,PUBLIC
274,184005,上海市青浦区第一中学,青浦一中,青浦区,CITY_FEATURED,PUBLIC
157,124116,上海市民办燎原双语高级中学,燎原双语,闵行区,GENERAL,PRIVATE
342,204020,上海美达菲双语高级中学,美达菲,奉贤区,GENERAL,PRIVATE
170,134004,上海市顾村中学,顾村中学,宝山区,DISTRICT_MODEL,PUBLIC
284,204001,东华大学附属奉贤致远中学,东华致远,奉贤区,DISTRICT_MODEL,PUBLIC
249,165004,上海金山区世外学校,金山世外,金山区,GENERAL,PRIVATE
81,064001,上海市华东模范中学,华东模范,静安区,CITY_MODEL,PUBLIC
213,154011,上海市陆行中学,陆行中学,浦东新区,DISTRICT_MODEL,PUBLIC
225,154039,上海市民办丰华高级中学,丰华高中,浦东新区,GENERAL,PRIVATE
121,102032,上海市控江中学,控江中学,杨浦区,CITY_MODEL,PUBLIC
260,173003,东华大学附属松江高级中学,东华附高,松江区,GENERAL,PUBLIC
134,122001,上海市七宝中学,七宝中学,闵行区,CITY_MODEL,PUBLIC
209,153011,上海市新场中学,新场中学,浦东新区,DISTRICT_MODEL,PUBLIC
334,154017,上海第二工业大学附属龚路中学,龚路中学,浦东新区,GENERAL,PUBLIC
154,124109,上海市民办文绮中学,文绮中学,闵行区,GENERAL,PRIVATE
102,074007,上海市甘泉外国语中学,甘泉外国语,普陀区,CITY_FEATURED,PUBLIC
224,154037,上海市民办育辛高级中学,育辛高中,浦东新区,GENERAL,PRIVATE
230,154053,上海市吴迅中学,吴迅中学,浦东新区,GENERAL,PUBLIC
327,124115,上海闵行区协和双语教科学校,协和教科,闵行区,GENERAL,PRIVATE
159,125113,上海星河湾双语学校,星河湾,闵行区,GENERAL,PRIVATE
106,074018,上海华东师范大学附属进华中学,进华中学,普陀区,GENERAL,PRIVATE
118,094003,上海市第五十二中学,市五十二中,虹口区,GENERAL,PUBLIC
113,094005,上海师范大学附属虹口中学,上师虹口,虹口区,DISTRICT_MODEL,PUBLIC
116,094006,同济大学附属澄衷中学,澄衷中学,虹口区,DISTRICT_MODEL,PUBLIC
153,124024,上海市古美高级中学,古美高中,闵行区,GENERAL,PUBLIC
211,153013,华东师范大学附属浦东临港高级中学,华师临港,浦东新区,DISTRICT_MODEL,PUBLIC
46,014004,上海音乐学院附属黄浦比乐中学,比乐中学,黄浦区,GENERAL,PUBLIC
94,064023,上海市民办新和中学,新和中学,静安区,GENERAL,PRIVATE
288,205006,上海奉贤区博华高级中学,博华高中,奉贤区,GENERAL,PRIVATE
273,182002,复旦大学附属中学青浦分校,复旦青浦,青浦区,CITY_POLICY,PUBLIC
42,012013,上海市五爱高级中学,五爱高中,黄浦区,DISTRICT_MODEL,PUBLIC
82,064004,上海戏剧学院附属高级中学,上戏附中,静安区,DISTRICT_MODEL,PUBLIC
114,093003,上海音乐学院虹口区北虹高级中学,北虹高中,虹口区,DISTRICT_MODEL,PUBLIC
241,155055,上海浦东民办未来科技学校,未来科技,浦东新区,GENERAL,PRIVATE
182,135034,上海宝山区世外学校,宝山世外,宝山区,GENERAL,PRIVATE
146,124010,上海市第二体育运动学校（上海市体育中学）,市体校,闵行区,GENERAL,PUBLIC
347,012011,同济大学科技中学,同济科技中学,黄浦区,CITY_POLICY,PUBLIC
350,074087,上海市晋元高级中学南校,晋元南校,普陀区,GENERAL,PUBLIC
351,124117,上海闵行区诺美高级中学,诺美高中,闵行区,GENERAL,PRIVATE
352,124118,上海圣华紫竹高级中学,圣华紫竹,闵行区,GENERAL,PRIVATE
354,135033,上海民办至德实验学校,至德实验,宝山区,GENERAL,PRIVATE
356,151019,上海市洋泾中学南校,洋泾南校,浦东新区,GENERAL,PUBLIC
364,204021,上海奉贤区博华高级中学,博华高中,奉贤区,GENERAL,PRIVATE
357,154054,上海市浦东新区群峰高级中学,群峰高中,浦东新区,GENERAL,PRIVATE
358,165009,华东师范大学第二附属中学金山实验学校,华二金山实验,金山区,CITY_MODEL,PUBLIC
360,173005,上海市松江区励滕高级中学,励滕高中,松江区,GENERAL,PRIVATE
361,173006,上海市松江区弘毅南洋高级中学,弘毅南洋,松江区,GENERAL,PRIVATE
362,181020,上海师范大学附属青浦实验中学,上师大青浦实验,青浦区,CITY_MODEL,PUBLIC
363,201004,上海市奉贤中学附属南桥中学,奉中南桥,奉贤区,GENERAL,PUBLIC
355,153014,上海市浦东临港科技高级中学,临港科技高中,浦东新区,CITY_MODEL,PUBLIC
163,128100,上海七宝德怀特高级中学,七宝德怀特,闵行区,GENERAL,PRIVATE
221,152007,上海市建平中学筠溪分校,建平筠溪,浦东新区,GENERAL,PUBLIC
337,154026,上海市三林中学东校,三林东校,浦东新区,GENERAL,PUBLIC
74,054013,华东政法大学附属中学,华政附中,长宁区,CITY_FEATURED,PUBLIC
119,094049,上海外国语大学附属外国语学校东校,上外东校,虹口区,GENERAL,PUBLIC
333,154015,上海市育民中学,育民中学,浦东新区,GENERAL,PUBLIC
341,164005,上海市民办交大南洋中学,交大南洋,金山区,GENERAL,PRIVATE
326,134002,上海市通河中学,通河中学,宝山区,DISTRICT_MODEL,PUBLIC
40,013001,上海市第八中学,市八中学,黄浦区,DISTRICT_MODEL,PUBLIC
91,064003,同济大学附属七一中学,同济七一,静安区,DISTRICT_MODEL,PRIVATE
335,154020,上海市江镇中学,江镇中学,浦东新区,GENERAL,PUBLIC
332,154010,上海市沪新中学,沪新中学,浦东新区,GENERAL,PUBLIC
127,103061,上海市中原中学,中原中学,杨浦区,DISTRICT_MODEL,PUBLIC
339,154045,上海市高东中学,高东中学,浦东新区,GENERAL,PUBLIC
330,152009,上海市川沙中学友仁分校,川沙友仁,浦东新区,GENERAL,PUBLIC
169,134001,上海市宝山中学,宝山中学,宝山区,DISTRICT_MODEL,PUBLIC
338,154028,上海市川沙中学北校,川沙北校,浦东新区,GENERAL,PUBLIC
258,174016,华东师范大学松江实验高级中学,华师松江,松江区,DISTRICT_MODEL,PUBLIC
331,154008,上海市泾南中学,泾南中学,浦东新区,GENERAL,PUBLIC
365,514014,上海新纪元双语学校,新纪元双语,崇明区,GENERAL,PRIVATE
76,062002,上海市育才中学,育才中学,静安区,CITY_MODEL,PUBLIC
53,042036,复旦大学附属中学徐汇分校,复旦徐汇,徐汇区,CITY_POLICY,PUBLIC
99,073082,华东师范大学第二附属中学（普陀校区）,华二普陀,普陀区,CITY_POLICY,PUBLIC
110,092001,复旦大学附属复兴中学,复兴中学,虹口区,CITY_MODEL,PUBLIC
111,092002,华东师范大学第一附属中学,华师大一附,虹口区,CITY_MODEL,PUBLIC
122,103002,同济大学第一附属中学,同济一附,杨浦区,CITY_MODEL,PUBLIC
136,122002,华东师范大学第二附属中学闵行紫竹分校,华二紫竹,闵行区,CITY_POLICY,PUBLIC
137,122003,上海师范大学附属中学闵行分校,上师大闵行,闵行区,CITY_POLICY,PUBLIC
167,132003,上海师范大学附属中学宝山分校,上师大宝山,宝山区,CITY_POLICY,PUBLIC
184,142002,上海交通大学附属中学嘉定分校,交大嘉分,嘉定区,CITY_POLICY,PUBLIC
80,063004,上海市第六十中学,六十中学,静安区,CITY_MODEL,PUBLIC
325,133002,上海师范大学附属宝山罗店中学,罗店中学,宝山区,DISTRICT_FEATURED,PUBLIC
51,043015,上海市南洋中学,南洋中学,徐汇区,CITY_MODEL,PUBLIC
48,042001,上海市第二中学,市二中学,徐汇区,CITY_MODEL,PUBLIC
57,044111,上海市第四中学,市四中学,徐汇区,GENERAL,PUBLIC
38,012002,上海市格致中学（奉贤校区）,格致奉贤,黄浦区,CITY_POLICY,PUBLIC
117,094001,上海市鲁迅中学,鲁迅中学,虹口区,GENERAL,PUBLIC
135,123001,上海市闵行中学,闵行中学,闵行区,CITY_MODEL,PUBLIC
4,152003,华东师范大学第二附属中学,华二,上海市,CITY_MODEL,PUBLIC
2,102056,上海交通大学附属中学,交大附中,上海市,CITY_MODEL,PUBLIC
254,172002,华东师范大学第二附属中学松江分校,华二松江,松江区,CITY_POLICY,PUBLIC
282,202002,华东师范大学第二附属中学临港奉贤分校,华二奉贤,奉贤区,CITY_POLICY,PUBLIC
255,172004,上海师范大学附属中学松江分校,上师大松江,松江区,CITY_POLICY,PUBLIC
196,153001,上海市洋泾中学,洋泾中学,浦东新区,CITY_MODEL,PUBLIC
194,152002,上海市进才中学,进才中学,浦东新区,CITY_MODEL,PUBLIC
291,514001,上海市崇明区城桥中学,城桥中学,崇明区,CITY_FEATURED,PUBLIC
247,164000,华东师范大学附属枫泾中学,枫泾中学,金山区,CITY_FEATURED,PUBLIC
193,152001,上海市建平中学,建平中学,浦东新区,CITY_MODEL,PUBLIC
329,154009,上海市香山中学,香山中学,浦东新区,DISTRICT_FEATURED,PUBLIC
283,203002,华东理工大学附属奉贤曙光中学,曙光中学,奉贤区,CITY_FEATURED,PUBLIC
198,153005,上海市川沙中学,川沙中学,浦东新区,CITY_MODEL,PUBLIC
246,163001,上海师范大学第二附属中学,上师大二附,金山区,CITY_FEATURED,PUBLIC
289,512000,上海市崇明中学,崇明中学,崇明区,CITY_MODEL,PUBLIC
6,155001,上海市实验学校,实验学校,上海市,CITY_MODEL,PUBLIC
340,155054,上海科技大学附属学校,上科大附校,上海市,GENERAL,PUBLIC
7,092003,上海外国语大学附属外国语学校,上外附中,上海市,MUNICIPAL,PUBLIC
199,151078,上海中学东校,上中东校,浦东新区,CITY_POLICY,PUBLIC
197,153004,上海市高桥中学,高桥中学,浦东新区,CITY_MODEL,PUBLIC
195,152004,上海南汇中学,南汇中学,浦东新区,CITY_MODEL,PUBLIC
259,172003,华东政法大学附属松江高级中学,华政附高,松江区,GENERAL,PUBLIC
281,202001,上海市奉贤中学,奉贤中学,奉贤区,CITY_MODEL,PUBLIC
272,183002,上海市朱家角中学,朱家角中学,青浦区,CITY_MODEL,PUBLIC
