2026 年上海中考全市成绩分布（一分一段）,,,
说明：考试院公布全市一分一段表，但未提供完整可机读文本；下表为公开渠道可确认的真实锚点 + 民间预测分档。,,,
,,,
分数(≥),全市累计位次(人),性质,说明
750,0,真实锚点,理论满分
730,100,真实锚点,头条/自媒体公布的真实累计位次
720,800,真实锚点,真实累计位次
710,2200,真实锚点,真实累计位次
700,6900,真实锚点,真实累计位次（占13.8万约5%）
,,,
以下为民间预测分档（非官方，仅供参考）：,,,
分数段,预估累计位次,对应梯队,
705及以上,全市前800名,上海中学/复旦附中/交大附中/华师大二附中 四校本部,
695-704,全市前2500名,七宝/建平/南模等八校，及华二紫竹/交附闵分等四校分校,
685-694,全市前5000名,曹杨二中/进才/位育等新五虎、头部特色市重点,
670-684,全市前9000名,市西/市北/洋泾等第二梯队市重点,
655-669,全市前14000名,各区头部强区重点，如行知/嘉定一中/闵行中学,
635-654,全市前20000名,普通区重点头部，华政附中等优质特色普高,
610-634,全市前26000名,普通区重点尾部，头部民办高中,
580-609,全市前32000名,多数公办普通高中,
505-579,全市前40000名,剩余民办普高、中本贯通相关专业,
