各初中学校排行榜（分区分榜）— 区内排名为主,,,,,,,,,,,,,,
"排名方法：
· 榜A 生源强度：对每所市重，在该校『名额到校录取线』的初中间计算标准分 z=(分-均值)/标准差（区内池与全市池各算一次）；某校生源强度指数=其所有市重 z 的均值。z 分消除了市重难度差异，全量覆盖全部拿到到校名额的初中。
· 榜B 高分产出：按『700+占比%(推算)』（700+人数÷推算考生数）区内排名（仅民间统计到的学校有值）。
· 榜D 声誉口碑：来自网页可检索的公开排名/口碑汇总（机构公众号、家长论坛、百度百家号等），逐校标注来源，属主观判断、仅供参考；本项目内数据不完整，故排名不能只靠 A/B。
· 综合得分(数据+声誉)：区内将 A、B、D 各自归一化到 0–100 后加权合成（A:B:D=2:1.5:6.5，声誉主导），因项目内『名额到校录取线/700+』对自招强校易失真（尖子走四校自招、到校线反而低），故以公开口碑为主、数据为辅；凡校名可匹配到声誉数据者即用此式（缺 A/B 的维度取中性 50，数据不完整不惩罚）；无声誉数据者回退到原 A:B=6:4 数据综合，并标『声誉待补』。
· 区内排名为本表主排序（同区共用同一批市重名额池，最可比）；全市排名为跨区全局 z，仅供参考、不宜跨区比高低。
· 口径：到校录取线为 800 制（含综评50），仅在校内/校际的到校线之间比较，不混入平行志愿 750 制。推算考生数与 700+ 均为推算/民间值，声誉为主观口碑，见『数据完整度』列。",,,,,,,,,,,,,,
区,初中学校,推算考生数(人),到校名额合计,生源强度(榜A·区内z),700+人数,700+占比%(推算),声誉口碑(榜D),声誉来源/梯队,综合得分(数据+声誉),区内排名A,区内排名B,区内排名(综合),全市排名A,数据完整度
浦东新区,上海市张江集团中学,274,17,0.948,100,36.5,92,第一梯队｜机构公众号梯队列,99.7,3,1,1,23,双覆盖·含声誉
浦东新区,上海民办浦东交中初级中学,178,11,0.698,50,28.1,92,第一梯队｜机构公众号梯队列,94.3,25,2,2,86,双覆盖·含声誉
浦东新区,上海市实验学校东校,307,19,0.815,,,92,第一梯队｜机构公众号梯队列,91.4,9,,3,61,全量(仅A)·含声誉
浦东新区,上海市建平中学西校,1017,63,0.724,,,92,第一梯队｜机构公众号梯队列,91,19,,4,84,全量(仅A)·含声誉
浦东新区,上海民办华曜浦东实验学校,210,13,0,40,19,92,第一梯队｜机构公众号梯队列,81.7,129,5,5,653,仅B(缺A)·含声誉
浦东新区,上海交通大学附属浦东实验中学,129,8,0.824,,,,,77,7,,6,45,全量(仅A)·声誉待补
浦东新区,上海中学东校,484,30,0.821,,,,,76.9,8,,7,66,全量(仅A)·声誉待补
浦东新区,上海立信会计金融学院附属学校,404,25,0.812,,,,,76.8,10,,8,49,全量(仅A)·声誉待补
浦东新区,上海市建平香梅中学,339,21,0.809,,,,,76.7,12,,9,53,全量(仅A)·声誉待补
浦东新区,上海市南汇第二中学,630,39,0.809,,,,,76.7,11,,10,50,全量(仅A)·声誉待补
浦东新区,上海市南汇第四中学,581,36,0.789,,,,,76.4,13,,11,56,全量(仅A)·声誉待补
浦东新区,上海市浦东模范实验中学,194,12,0.784,,,,,76.3,14,,12,69,全量(仅A)·声誉待补
浦东新区,上海浦东新区民办正达外国语学校,145,9,0.772,,,,,76.1,15,,13,57,全量(仅A)·声誉待补
浦东新区,上海市川沙中学华夏西校,436,27,0.764,,,,,76,16,,14,87,全量(仅A)·声誉待补
浦东新区,上海市浦东新区进才中学东校,226,14,0.752,,,,,75.8,17,,15,72,全量(仅A)·声誉待补
浦东新区,上海市进才中学北校,807,50,0.741,,,,,75.6,18,,16,79,全量(仅A)·声誉待补
浦东新区,华东师范大学附属东昌中学南校,307,19,0.721,,,,,75.3,21,,17,85,全量(仅A)·声誉待补
浦东新区,上海市建平实验地杰中学,468,29,0.722,,,,,75.3,20,,18,88,全量(仅A)·声誉待补
浦东新区,上海市建平实验张江中学,226,14,0.708,,,,,75.1,23,,19,90,全量(仅A)·声誉待补
浦东新区,上海市临港实验中学,517,32,0.705,,,,,75,24,,20,104,全量(仅A)·声誉待补
浦东新区,上海市傅雷中学,452,28,0.692,,,,,74.8,26,,21,101,全量(仅A)·声誉待补
浦东新区,上海市浦东模范中学,274,17,0.668,,,,,74.4,27,,22,114,全量(仅A)·声誉待补
浦东新区,上海市杨园中学,178,11,0.661,,,,,74.3,28,,23,157,全量(仅A)·声誉待补
浦东新区,上海市浦东新区建平临港中学,274,17,0.66,,,,,74.3,29,,24,119,全量(仅A)·声誉待补
浦东新区,上海市民办中芯学校,145,9,0.657,,,,,74.3,30,,25,138,全量(仅A)·声誉待补
浦东新区,上海市实验学校南校,323,20,0.598,,,,,73.3,31,,26,152,全量(仅A)·声誉待补
浦东新区,上海市澧溪中学,630,39,0.587,,,,,73.1,32,,27,141,全量(仅A)·声誉待补
浦东新区,上海市清流中学,387,24,0.581,,,,,73,33,,28,146,全量(仅A)·声誉待补
浦东新区,上海市浦东新区进才实验中学南校,161,10,0.566,,,,,72.8,35,,29,137,全量(仅A)·声誉待补
浦东新区,上海市北蔡中学,420,26,0.57,,,,,72.8,34,,30,149,全量(仅A)·声誉待补
浦东新区,上海市民办金苹果学校,161,10,0.565,,,,,72.8,36,,31,158,全量(仅A)·声誉待补
浦东新区,上海市上南中学南校,210,13,0.552,,,,,72.6,37,,32,162,全量(仅A)·声誉待补
浦东新区,上海市洋泾菊园实验学校,242,15,0.539,,,,,72.3,38,,33,182,全量(仅A)·声誉待补
浦东新区,上海市金杨中学,129,8,0.478,,,,,71.3,40,,34,201,全量(仅A)·声誉待补
浦东新区,上海市浦东新区进才中学南校,194,12,0.472,,,,,71.2,41,,35,213,全量(仅A)·声誉待补
浦东新区,上海市五三中学,307,19,0.468,,,,,71.2,42,,36,206,全量(仅A)·声誉待补
浦东新区,上海市浦兴中学,161,10,0.424,,,,,70.5,46,,37,229,全量(仅A)·声誉待补
浦东新区,上海市侨光中学,387,24,0.427,,,,,70.5,45,,38,273,全量(仅A)·声誉待补
浦东新区,上海市浦东新区三灶实验中学,145,9,0.417,,,,,70.4,47,,39,254,全量(仅A)·声誉待补
浦东新区,上海市康城学校,242,15,0.413,,,,,70.3,48,,40,281,全量(仅A)·声誉待补
浦东新区,上海市南汇第三中学,274,17,0.406,,,,,70.2,50,,41,258,全量(仅A)·声誉待补
浦东新区,上海市浦东新区建平培德实验中学,178,11,0.409,,,,,70.2,49,,42,294,全量(仅A)·声誉待补
浦东新区,上海市洋泾中学南校,145,9,0.396,,,,,70,52,,43,251,全量(仅A)·声誉待补
浦东新区,上海市东昌东校,129,8,0.398,,,,,70,51,,44,250,全量(仅A)·声誉待补
浦东新区,华东师范大学张江实验中学,194,12,0.377,,,,,69.7,53,,45,262,全量(仅A)·声誉待补
浦东新区,上海市华林中学,145,9,0.357,,,,,69.4,54,,46,276,全量(仅A)·声誉待补
浦东新区,上海浦东新区民办恒洋外国语学校,210,13,0.35,,,,,69.3,55,,47,284,全量(仅A)·声誉待补
浦东新区,上海市浦东模范中学东校,258,16,0.336,,,,,69,56,,48,287,全量(仅A)·声誉待补
浦东新区,上海市竹园中学,161,10,0.328,,,,,68.9,57,,49,278,全量(仅A)·声誉待补
浦东新区,上海市杨思中学,258,16,0.305,,,,,68.5,58,,50,290,全量(仅A)·声誉待补
浦东新区,上海师范大学附属浦东临港中学,178,11,0.281,,,,,68.1,60,,51,301,全量(仅A)·声誉待补
浦东新区,上海市王港中学,145,9,0.226,,,,,67.3,63,,52,323,全量(仅A)·声誉待补
浦东新区,上海市香山中学,145,9,0.227,,,,,67.3,62,,53,360,全量(仅A)·声誉待补
浦东新区,上海市南汇第一中学,355,22,0.232,,,,,67.3,61,,54,330,全量(仅A)·声誉待补
浦东新区,上海民办启能东方外国语学校,145,9,0.212,,,,,67,64,,55,339,全量(仅A)·声誉待补
浦东新区,上海市浦东新区进才森兰实验中学,274,17,0.948,30,10.9,,,66.8,4,7,56,37,双覆盖·声誉待补
浦东新区,上海市航头学校,371,23,0.191,,,,,66.7,65,,57,341,全量(仅A)·声誉待补
浦东新区,上海市浦东新区新场实验中学,242,15,0.184,,,,,66.6,66,,58,338,全量(仅A)·声誉待补
浦东新区,上海第二工业大学附属龚路中学,210,13,0.16,,,,,66.2,68,,59,349,全量(仅A)·声誉待补
浦东新区,上海市实验学校附属光明学校,242,15,0.16,,,,,66.2,67,,60,345,全量(仅A)·声誉待补
浦东新区,上海市浦东新区懿德中学,145,9,0.138,,,,,65.8,69,,61,362,全量(仅A)·声誉待补
浦东新区,上海市长岛中学,145,9,0.096,,,,,65.1,70,,62,400,全量(仅A)·声誉待补
浦东新区,上海市陆行中学南校,145,9,0.086,,,,,65,71,,63,441,全量(仅A)·声誉待补
浦东新区,上海市顾路中学,226,14,0.053,,,,,64.4,72,,64,389,全量(仅A)·声誉待补
浦东新区,上海市南汇第五中学,129,8,0.009,,,,,63.7,73,,65,395,全量(仅A)·声誉待补
浦东新区,上海市三林中学北校,339,21,-0.036,,,,,63,74,,66,403,全量(仅A)·声誉待补
浦东新区,上海市浦东新区建平南汇实验学校,178,11,-0.052,,,,,62.7,75,,67,401,全量(仅A)·声誉待补
浦东新区,上海市浦东新区建平康梧中学,226,14,-0.095,,,,,62,76,,68,419,全量(仅A)·声誉待补
浦东新区,上海市洪山中学,242,15,-0.103,,,,,61.9,77,,69,440,全量(仅A)·声誉待补
浦东新区,上海市进才实验中学,404,25,0.978,,,76,第二梯队｜机构公众号梯队列,61.7,2,,70,16,全量(仅A)·含声誉
浦东新区,上海市上南中学北校,178,11,-0.123,,,,,61.6,78,,71,424,全量(仅A)·声誉待补
浦东新区,上海立信会计金融学院附属高行中学,226,14,-0.127,,,,,61.5,79,,72,423,全量(仅A)·声誉待补
浦东新区,上海市育人中学,226,14,-0.132,,,,,61.4,80,,73,427,全量(仅A)·声誉待补
浦东新区,上海市沪新中学,145,9,-0.148,,,,,61.2,81,,74,429,全量(仅A)·声誉待补
浦东新区,上海戏剧学院附属浦东实验中学,145,9,-0.164,,,,,60.9,82,,75,446,全量(仅A)·声誉待补
浦东新区,上海市浦东外国语学校东校,145,9,-0.188,,,,,60.5,83,,76,445,全量(仅A)·声誉待补
浦东新区,上海市六灶中学,145,9,-0.241,,,,,59.7,85,,77,457,全量(仅A)·声誉待补
浦东新区,上海市三林中学东校,145,9,-0.239,,,,,59.7,84,,78,456,全量(仅A)·声誉待补
浦东新区,上海市蔡路中学,145,9,-0.245,,,,,59.6,86,,79,471,全量(仅A)·声誉待补
浦东新区,华东师范大学第二附属中学前滩学校,178,11,0,50,28.1,,,59.4,131,3,80,655,仅B(缺A)·声誉待补
浦东新区,上海师范大学附属高桥实验中学,420,26,0.498,,,76,第二梯队｜机构公众号梯队列,59.1,39,,81,223,全量(仅A)·含声誉
浦东新区,上海市陆行中学北校,145,9,-0.282,,,,,59,87,,82,466,全量(仅A)·声誉待补
浦东新区,上海市罗山中学,258,16,0.446,,,76,第二梯队｜机构公众号梯队列,58.9,43,,83,215,全量(仅A)·含声誉
浦东新区,上海浦东新区民办欣竹中学,387,24,0.832,60,15.5,76,第二梯队｜机构公众号梯队列,58.5,6,6,84,47,双覆盖·含声誉
浦东新区,上海市东沟中学,145,9,-0.354,,,,,57.8,88,,85,472,全量(仅A)·声誉待补
浦东新区,上海市江镇中学,178,11,-0.359,,,,,57.7,89,,86,473,全量(仅A)·声誉待补
浦东新区,上海中医药大学附属浦东鹤沙学校,210,13,-0.382,,,,,57.4,90,,87,491,全量(仅A)·声誉待补
浦东新区,上海市黄路学校,145,9,-0.393,,,,,57.2,91,,88,487,全量(仅A)·声誉待补
浦东新区,上海市凌桥中学,145,9,-0.418,,,,,56.8,92,,89,484,全量(仅A)·声誉待补
浦东新区,上海市大团中学,194,12,-0.45,,,,,56.3,93,,90,492,全量(仅A)·声誉待补
浦东新区,上海市孙桥中学,145,9,-0.464,,,,,56,94,,91,494,全量(仅A)·声誉待补
浦东新区,上海市川沙中学南校,533,33,0.72,25,4.7,,,55.3,22,9,92,100,双覆盖·声誉待补
浦东新区,上海市建平实验中学,565,35,0.852,40,7.1,76,第二梯队｜机构公众号梯队列,54.7,5,8,93,43,双覆盖·含声誉
浦东新区,上海浦东新区民办协和双语学校,129,8,-0.555,,,,,54.5,95,,94,513,全量(仅A)·声誉待补
浦东新区,上海市高东中学,129,8,-0.57,,,,,54.3,96,,95,515,全量(仅A)·声誉待补
浦东新区,上海市浦东新区进才万祥学校,274,17,-0.576,,,,,54.2,97,,96,526,全量(仅A)·声誉待补
浦东新区,上海市民办平和学校,178,11,-0.585,,,,,54.1,98,,97,532,全量(仅A)·声誉待补
浦东新区,上海市浦泾中学,145,9,-0.598,,,,,53.8,99,,98,523,全量(仅A)·声誉待补
浦东新区,上海市育民中学,210,13,-0.744,,,,,51.5,100,,99,541,全量(仅A)·声誉待补
浦东新区,上海市民办尚德实验学校,468,29,0,102,21.8,,,51.5,125,4,100,649,仅B(缺A)·声誉待补
浦东新区,上海民办光华中学,145,9,-0.811,,,,,50.4,101,,101,549,全量(仅A)·声誉待补
浦东新区,上海市新云台中学,,,-0.835,,,,,50,102,,102,551,全量(仅A)·声誉待补
浦东新区,上海市合庆中学,129,8,-0.863,,,,,49.5,103,,103,552,全量(仅A)·声誉待补
浦东新区,上海市泥城中学,194,12,-1.025,,,,,46.9,104,,104,568,全量(仅A)·声誉待补
浦东新区,上海市宣桥学校,145,9,-1.031,,,,,46.8,105,,105,572,全量(仅A)·声誉待补
浦东新区,上海市浦东新区教育学院附属实验中学,145,9,-1.055,,,,,46.4,106,,106,578,全量(仅A)·声誉待补
浦东新区,上海市绿川学校,145,9,-1.063,,,,,46.3,107,,107,566,全量(仅A)·声誉待补
浦东新区,上海市施湾中学,145,9,-1.207,,,,,43.9,108,,108,583,全量(仅A)·声誉待补
浦东新区,上海市金川中学,,,-1.242,,,,,43.4,109,,109,581,全量(仅A)·声誉待补
浦东新区,上海市泾南中学,145,9,-1.271,,,,,42.9,111,,110,582,全量(仅A)·声誉待补
浦东新区,上海市浦东新区彭镇中学,404,25,-1.269,,,,,42.9,110,,111,595,全量(仅A)·声誉待补
浦东新区,上海市三灶学校,145,9,-1.324,,,,,42,112,,112,584,全量(仅A)·声誉待补
浦东新区,上海市东林中学,145,9,-1.449,,,,,40,113,,113,602,全量(仅A)·声誉待补
浦东新区,上海市历城中学,145,9,-1.465,,,,,39.8,114,,114,598,全量(仅A)·声誉待补
浦东新区,上海市黄楼中学,145,9,-1.592,,,,,37.7,115,,115,605,全量(仅A)·声誉待补
浦东新区,上海师范大学附属浦东秋萍学校,194,12,-1.716,,,,,35.7,116,,116,623,全量(仅A)·声誉待补
浦东新区,上海市书院中学,178,11,-1.742,,,,,35.3,117,,117,614,全量(仅A)·声誉待补
浦东新区,上海市浦东教育发展研究院附属中学,145,9,-1.77,,,,,34.8,118,,118,611,全量(仅A)·声誉待补
浦东新区,上海市周浦育才学校,129,8,-2.095,,,,,29.5,119,,119,626,全量(仅A)·声誉待补
浦东新区,上海市致远中学,274,17,1.01,,,58,第三梯队｜机构公众号梯队列,27.5,1,,120,13,全量(仅A)·含声誉
浦东新区,上海市坦直中学,129,8,-2.238,,,,,27.2,120,,121,629,全量(仅A)·声誉待补
浦东新区,上海市六团中学,145,9,-2.395,,,,,24.6,121,,122,632,全量(仅A)·声誉待补
浦东新区,上海市上南中学东校,436,27,0.439,,,58,第三梯队｜机构公众号梯队列,24.4,44,,123,235,全量(仅A)·含声誉
浦东新区,上海市洋泾中学东校,161,10,0.289,,,58,第三梯队｜机构公众号梯队列,23.6,59,,124,298,全量(仅A)·含声誉
浦东新区,上海市老港中学,145,9,-2.504,,,,,22.9,122,,125,634,全量(仅A)·声誉待补
浦东新区,上海市三墩学校,178,11,-2.585,,,,,21.5,123,,126,637,全量(仅A)·声誉待补
浦东新区,上海市东海学校,129,8,-2.68,,,,,20,124,,127,636,全量(仅A)·声誉待补
浦东新区,上海市周浦实验学校,291,18,0,,,,,,126,,,650,全量(仅A)·声誉待补
浦东新区,上海浦东新区民办远翔实验学校,210,13,0,,,,,,127,,,651,全量(仅A)·声誉待补
浦东新区,上海浦东新区民办进德外国语中学,210,13,0,,,,,,128,,,652,全量(仅A)·声誉待补
浦东新区,上海市浦东新区进才书院学校,178,11,0,,,,,,130,,,654,全量(仅A)·声誉待补
浦东新区,上海浦东民办来科技学校,178,11,0,,,,,,132,,,656,全量(仅A)·声誉待补
浦东新区,上海市今日学校,161,10,0,,,,,,133,,,657,全量(仅A)·声誉待补
浦东新区,上海市川沙中学北校,145,9,0,,,,,,134,,,658,全量(仅A)·声誉待补
浦东新区,上海浦东新区民办东鼎外国语学校,145,9,0,,,,,,135,,,659,全量(仅A)·声誉待补
浦东新区,上海浦东新区民办沪港学校,145,9,0,,,,,,136,,,660,全量(仅A)·声誉待补
浦东新区,上海浦东新区民办更新学校,145,9,0,,,,,,137,,,661,全量(仅A)·声誉待补
浦东新区,上海浦东新区民办万科学校,145,9,0,,,,,,138,,,662,全量(仅A)·声誉待补
浦东新区,上海浦东新区民办惠立学校,145,9,0,,,,,,139,,,663,全量(仅A)·声誉待补
浦东新区,上海科技大学附属学校,145,9,0,,,,,,140,,,664,全量(仅A)·声誉待补
浦东新区,上海浦东新区民办宏文学校,129,8,0,,,,,,141,,,665,全量(仅A)·声誉待补
浦东新区,上海市浦东新区东城学校,129,8,0,,,,,,142,,,666,全量(仅A)·声誉待补
黄浦区,向明初级中学,379,91,0.675,,,92,第一梯队｜机构公众号梯队列,91.7,3,,1,153,全量(仅A)·含声誉
黄浦区,大同初级中学,350,84,0.583,,,92,第一梯队｜机构公众号梯队列,91.3,4,,2,232,全量(仅A)·含声誉
黄浦区,格致初级中学,488,117,0.175,80,16.4,92,第一梯队｜机构公众号梯队列,89.4,10,1,3,391,双覆盖·含声誉
黄浦区,民办立达中学,288,69,0.134,,,92,第一梯队｜机构公众号梯队列,89.2,11,,4,385,全量(仅A)·含声誉
黄浦区,大境初级中学,271,65,0.846,,,,,80,1,,5,99,全量(仅A)·声誉待补
黄浦区,中山学校,229,55,0.35,,,,,73,5,,6,322,全量(仅A)·声誉待补
黄浦区,尚文中学,167,40,0.291,,,,,72.2,6,,7,358,全量(仅A)·声誉待补
黄浦区,交附黄浦实验,242,58,0.213,,,,,71.1,9,,8,357,全量(仅A)·声誉待补
黄浦区,市十中学,225,54,-0.096,,,,,66.8,12,,9,431,全量(仅A)·声誉待补
黄浦区,光明初级中学,129,31,-0.118,,,,,66.4,13,,10,450,全量(仅A)·声誉待补
黄浦区,敬业初级中学,163,39,-0.133,,,,,66.2,14,,11,447,全量(仅A)·声誉待补
黄浦区,市八初级中学,104,25,-0.19,,,,,65.4,15,,12,453,全量(仅A)·声誉待补
黄浦区,金陵中学,63,15,-0.279,,,,,64.2,16,,13,438,全量(仅A)·声誉待补
黄浦区,民办震旦外国语,100,24,-0.343,,,,,63.3,18,,14,495,全量(仅A)·声誉待补
黄浦区,卢湾中学,246,59,0.729,,,76,第二梯队｜机构公众号梯队列,61.4,2,,15,74,全量(仅A)·含声誉
黄浦区,上音比乐中学,158,38,-0.585,,,,,59.9,19,,16,504,全量(仅A)·声誉待补
黄浦区,民办永昌学校,75,18,0.291,,,76,第二梯队｜机构公众号梯队列,59.3,7,,17,337,全量(仅A)·含声誉
黄浦区,民办明珠中学,133,32,0.237,,,76,第二梯队｜机构公众号梯队列,59.1,8,,18,367,全量(仅A)·含声誉
黄浦区,储能中学,96,23,-0.733,,,,,57.8,20,,19,550,全量(仅A)·声誉待补
黄浦区,清华中学,58,14,-1.677,,,,,44.5,21,,20,608,全量(仅A)·声誉待补
黄浦区,市南中学,158,38,-0.304,,,58,第三梯队｜机构公众号梯队列,22.1,17,,21,460,全量(仅A)·含声誉
黄浦区,康德双语实验学校,29,7,-3.421,,,,,20,22,,22,645,全量(仅A)·声誉待补
徐汇区,上海市徐汇区上汇实验学校,107,11,0.453,25,23.4,92,第一梯队｜机构公众号梯队列,94.2,6,2,1,295,双覆盖·含声誉
徐汇区,上海市世外中学,370,38,0.226,,,92,第一梯队｜机构公众号梯队列,89.1,13,,2,210,全量(仅A)·含声誉
徐汇区,上海民办南模中学,136,14,0.164,40,29.4,,,88.8,15,1,3,387,双覆盖·声誉待补
徐汇区,上海市民办华育中学,370,38,-0.624,,,92,第一梯队｜机构公众号梯队列,85.2,27,,4,543,全量(仅A)·含声誉
徐汇区,上海市第五十四中学,136,14,0.665,,,,,75.6,3,,5,127,全量(仅A)·声誉待补
徐汇区,上海市徐汇中学,536,55,0.439,,,,,72.5,7,,6,317,全量(仅A)·声誉待补
徐汇区,上海市位育实验学校,107,11,0.433,,,,,72.5,8,,7,263,全量(仅A)·声誉待补
徐汇区,上海民办位育中学,136,14,0.13,,,,,68.3,16,,8,371,全量(仅A)·声誉待补
徐汇区,上海市徐汇区教育学院附属实验中学南部分校,175,18,0.122,,,,,68.2,17,,9,397,全量(仅A)·声誉待补
徐汇区,上海市第二初级中学,234,24,0.299,30,12.8,,,66,12,4,10,218,双覆盖·声誉待补
徐汇区,上海市田林第二中学,175,18,-0.071,,,,,65.6,19,,11,414,全量(仅A)·声誉待补
徐汇区,上海市紫阳中学,243,25,0.169,30,12.3,,,63.4,14,5,12,314,双覆盖·声誉待补
徐汇区,上海市梅园中学,136,14,-0.365,,,,,61.6,22,,13,482,全量(仅A)·声誉待补
徐汇区,上海市西南模范中学,526,54,0.775,,,76,第二梯队｜机构公众号梯队列,61,2,,14,92,全量(仅A)·含声誉
徐汇区,徐汇南校,273,28,-0.427,,,,,60.7,23,,15,498,全量(仅A)·声誉待补
徐汇区,上海市田林中学,214,22,-0.469,,,,,60.2,25,,16,497,全量(仅A)·声誉待补
徐汇区,上海市位育初级中学,399,41,0.392,,,76,第二梯队｜机构公众号梯队列,59.2,9,,17,253,全量(仅A)·含声誉
徐汇区,上海市南洋模范初级中学,428,44,0.344,,,76,第二梯队｜机构公众号梯队列,59,11,,18,293,全量(仅A)·含声誉
徐汇区,上海市零陵中学,185,19,-0.595,,,,,58.5,26,,19,490,全量(仅A)·声誉待补
徐汇区,上海市徐汇区教育学院附属实验中学,360,37,-0.069,,,76,第二梯队｜机构公众号梯队列,57.1,18,,20,351,全量(仅A)·含声誉
徐汇区,上海市南洋初级中学,321,33,-0.743,,,,,56.4,29,,21,544,全量(仅A)·声誉待补
徐汇区,上海市西南位育中学,536,55,-0.703,,,76,第二梯队｜机构公众号梯队列,54.2,28,,22,470,全量(仅A)·含声誉
徐汇区,上海市中国中学,399,41,0.373,10,2.5,,,51.6,10,11,23,264,双覆盖·声誉待补
徐汇区,上海市康健外国语实验中学,321,33,-0.142,22,6.9,,,51.2,20,8,24,329,双覆盖·声誉待补
徐汇区,上海市汾阳中学,117,12,-1.431,,,,,47.1,30,,25,600,全量(仅A)·声誉待补
徐汇区,华东理工大学附属中学,302,31,-0.16,10,3.3,,,45.6,21,10,26,448,双覆盖·声誉待补
徐汇区,上海市第四中学,438,45,-0.438,22,5,,,44.3,24,9,27,512,双覆盖·声誉待补
徐汇区,上海市园南中学,321,33,0.63,60,18.7,58,第三梯队｜机构公众号梯队列,27.4,4,3,28,148,双覆盖·含声誉
徐汇区,上海师范大学第三附属实验学校,204,21,0.986,22,10.8,58,第三梯队｜机构公众号梯队列,24.6,1,6,29,25,双覆盖·含声誉
徐汇区,上海市田林第三中学,487,50,0.62,50,10.3,58,第三梯队｜机构公众号梯队列,22.7,5,7,30,110,双覆盖·含声誉
徐汇区,上海市龙苑中学,58,6,-3.417,,,,,20,31,,31,644,全量(仅A)·声誉待补
长宁区,上海市开元学校,227,25,0.524,17,7.5,,,85.5,6,1,1,257,双覆盖·声誉待补
长宁区,上海市第三女子初级中学,290,32,-0.796,,,92,第一梯队｜机构公众号梯队列,80.3,15,,2,548,全量(仅A)·含声誉
长宁区,上海市延安初级中学,553,61,0.25,20,3.6,92,第一梯队｜机构公众号梯队列,78.7,9,3,3,315,双覆盖·含声誉
长宁区,华东政法大学附属中学,163,18,0.71,,,,,68.6,2,,4,155,全量(仅A)·声誉待补
长宁区,上海市仙霞高级中学,236,26,0.582,,,,,66.5,4,,5,144,全量(仅A)·声誉待补
长宁区,上海市新泾中学,154,17,0.551,,,,,66,5,,6,83,全量(仅A)·声誉待补
长宁区,上海市天山初级中学,227,25,0.292,,,,,61.7,8,,7,296,全量(仅A)·声誉待补
长宁区,上海市娄山中学,372,41,0.663,,,76,第二梯队｜机构公众号梯队列,57.9,3,,8,107,全量(仅A)·含声誉
长宁区,上海市西延安中学,308,34,-0.2,20,6.5,76,第二梯队｜机构公众号梯队列,56.7,13,2,9,346,双覆盖·含声誉
长宁区,上海市延安实验初级中学,236,26,-0.09,,,,,55.3,10,,10,449,全量(仅A)·声誉待补
长宁区,上海市民办新世纪中学,200,22,-0.174,,,,,53.9,11,,11,437,全量(仅A)·声誉待补
长宁区,上海市姚连生中学,154,17,-0.184,,,,,53.7,12,,12,442,全量(仅A)·声誉待补
长宁区,上海市泸定中学,63,7,-0.233,,,,,52.9,14,,13,454,全量(仅A)·声誉待补
长宁区,上海市天山第二中学,127,14,-1.095,,,,,38.6,16,,14,619,全量(仅A)·声誉待补
长宁区,上海市虹桥中学,63,7,-1.37,,,,,34,17,,15,589,全量(仅A)·声誉待补
长宁区,上海市建青实验学校,127,14,1.394,,,58,第三梯队｜机构公众号梯队列,27.5,1,,16,3,全量(仅A)·含声誉
长宁区,上海市复旦初级中学,245,27,0.324,,,58,第三梯队｜机构公众号梯队列,21.6,7,,17,249,全量(仅A)·含声誉
长宁区,上海市西郊学校,45,5,-2.21,,,,,20,18,,18,628,全量(仅A)·声誉待补
静安区,上海市民办扬波中学,240,36,0.557,,,92,第一梯队｜机构公众号梯队列,89.4,2,,1,199,全量(仅A)·含声誉
静安区,上海市静安区教育学院附属学校,207,31,0.353,,,92,第一梯队｜机构公众号梯队列,88.5,12,,2,331,全量(仅A)·含声誉
静安区,上海市市北初级中学,440,66,-0.042,,,92,第一梯队｜机构公众号梯队列,86.7,21,,3,405,全量(仅A)·含声誉
静安区,上海外国语大学苏河湾实验中学,140,21,0.552,,,,,70.6,3,,4,203,全量(仅A)·声誉待补
静安区,上海市新中初级中学,354,53,0.53,,,,,70.3,5,,5,174,全量(仅A)·声誉待补
静安区,上海市静安区实验中学,127,19,0.52,,,,,70.1,7,,6,178,全量(仅A)·声誉待补
静安区,上海市静安区市北初级中学北校,320,48,0.504,,,,,69.9,8,,7,236,全量(仅A)·声誉待补
静安区,上海市时代中学,113,17,0.456,,,,,69.3,10,,8,156,全量(仅A)·声誉待补
静安区,上海市闸北第八中学,173,26,0.319,,,,,67.5,13,,9,285,全量(仅A)·声誉待补
静安区,上海市青云中学,253,38,0.268,,,,,66.8,14,,10,309,全量(仅A)·声誉待补
静安区,上海市彭浦初级中学,327,49,0.26,,,,,66.7,15,,11,340,全量(仅A)·声誉待补
静安区,上海市风华初级中学,907,136,0.526,120,13.2,76,第二梯队｜机构公众号梯队列,66.2,6,1,12,248,双覆盖·含声誉
静安区,上海戏剧学院附属静安学校,87,13,0.142,,,,,65.1,16,,13,350,全量(仅A)·声誉待补
静安区,上海市民办新和中学,167,25,0.084,,,,,64.4,18,,14,369,全量(仅A)·声誉待补
静安区,上海市保德中学,113,17,0.068,,,,,64.2,19,,15,374,全量(仅A)·声誉待补
静安区,上海市静安区协和双语培明学校,120,18,0.009,,,,,63.4,20,,16,396,全量(仅A)·声誉待补
静安区,上海市彭浦第三中学,207,31,-0.062,,,,,62.4,22,,17,409,全量(仅A)·声誉待补
静安区,上海市华灵学校,120,18,-0.1,,,,,61.9,23,,18,420,全量(仅A)·声誉待补
静安区,上海市静安区大宁国际学校,133,20,1.265,,,76,第二梯队｜机构公众号梯队列,61.9,1,,19,8,全量(仅A)·含声誉
静安区,上海市朝阳中学,47,7,-0.165,,,,,61.1,24,,20,432,全量(仅A)·声誉待补
静安区,上海市育才初级中学,213,32,-0.182,,,,,60.8,25,,21,439,全量(仅A)·声誉待补
静安区,上海市岭南中学,160,24,-0.234,,,,,60.2,26,,22,455,全量(仅A)·声誉待补
静安区,上海市华东模范中学,133,20,-0.305,,,,,59.2,27,,23,499,全量(仅A)·声誉待补
静安区,上海市向东中学,113,17,-0.329,,,,,58.9,28,,24,436,全量(仅A)·声誉待补
静安区,上海市市西初级中学,400,60,0.544,,,76,第二梯队｜机构公众号梯队列,58.7,4,,25,165,全量(仅A)·含声誉
静安区,同济大学附属七一中学,213,32,0.479,,,76,第二梯队｜机构公众号梯队列,58.4,9,,26,200,全量(仅A)·含声誉
静安区,上海市五四中学,127,19,-0.524,,,,,56.3,30,,27,502,全量(仅A)·声誉待补
静安区,上海市彭浦第四中学,167,25,-0.567,,,,,55.8,31,,28,528,全量(仅A)·声誉待补
静安区,上海市三泉学校,127,19,-0.612,,,,,55.2,32,,29,501,全量(仅A)·声誉待补
静安区,上海市爱国学校,87,13,-0.687,,,,,54.2,33,,30,524,全量(仅A)·声誉待补
静安区,上海市民立中学,107,16,-0.697,,,,,54,34,,31,534,全量(仅A)·声誉待补
静安区,上海市第一中学,167,25,0.428,5,3,,,48.9,11,2,32,244,双覆盖·声誉待补
静安区,上海市回民中学,240,36,-1.146,,,,,48.1,35,,33,574,全量(仅A)·声誉待补
静安区,民办上海上外静安外国语中学,167,25,0.086,,,58,第三梯队｜机构公众号梯队列,22.3,17,,34,375,全量(仅A)·含声誉
静安区,上海市久隆模范中学,160,24,-3.269,,,,,20,36,,35,643,全量(仅A)·声誉待补
静安区,上海田家炳中学,173,26,-0.511,,,58,第三梯队｜机构公众号梯队列,19.7,29,,36,505,全量(仅A)·含声誉
普陀区,上海华东师范大学附属进华中学,284,29,0.234,,,92,第一梯队｜机构公众号梯队列,89,18,,1,270,全量(仅A)·含声誉
普陀区,上海市梅陇中学,607,62,0.436,100,16.5,92,第一梯队｜机构公众号梯队列,82.5,11,2,2,221,双覆盖·含声誉
普陀区,上海市甘泉外国语中学,39,4,0.915,,,,,80,1,,3,28,全量(仅A)·声誉待补
普陀区,上海市曹杨第二中学附属实验中学,157,16,0.671,,,,,76.2,4,,4,105,全量(仅A)·声誉待补
普陀区,同济大学第二附属中学,333,34,0.64,,,,,75.7,5,,5,115,全量(仅A)·声誉待补
普陀区,上海市中远实验学校,215,22,0.587,,,,,74.9,6,,6,140,全量(仅A)·声誉待补
普陀区,上海兰田中学,245,25,0.568,,,,,74.6,7,,7,64,全量(仅A)·声誉待补
普陀区,上海市洛川学校,59,6,0.488,,,,,73.4,9,,8,195,全量(仅A)·声誉待补
普陀区,上海市民办新黄浦实验学校,137,14,0.491,,,,,73.4,8,,9,194,全量(仅A)·声誉待补
普陀区,上海理工大学附属普陀实验学校,59,6,0.476,,,,,73.2,10,,10,202,全量(仅A)·声誉待补
普陀区,上海市曹杨第二中学附属学校,304,31,0.377,,,,,71.7,13,,11,261,全量(仅A)·声誉待补
普陀区,上海市万里城实验学校,206,21,0.379,,,,,71.7,12,,12,260,全量(仅A)·声誉待补
普陀区,上海市真北中学,108,11,0.373,,,,,71.6,14,,13,222,全量(仅A)·声誉待补
普陀区,上海外国语大学尚阳外国语学校,225,23,0.285,,,,,70.3,15,,14,300,全量(仅A)·声誉待补
普陀区,上海市延河中学,117,12,0.269,,,,,70,16,,15,306,全量(仅A)·声誉待补
普陀区,上海师范大学附属第二实验学校,166,17,0.261,,,,,69.9,17,,16,224,全量(仅A)·声誉待补
普陀区,华东师范大学附属外国语实验学校,206,21,0.234,,,,,69.5,19,,17,320,全量(仅A)·声誉待补
普陀区,上海市长征中学,225,23,0.232,,,,,69.4,20,,18,321,全量(仅A)·声誉待补
普陀区,上海市普陀区教育学院附属中学,235,24,0.185,,,,,68.7,21,,19,336,全量(仅A)·声誉待补
普陀区,上海培佳双语学校,215,22,0.77,40,18.6,76,第二梯队｜机构公众号梯队列,68.7,2,1,20,73,双覆盖·含声誉
普陀区,上海市曹杨中学附属学校,186,19,0.158,,,,,68.3,22,,21,368,全量(仅A)·声誉待补
普陀区,上海市宜川中学附属学校,108,11,0.133,,,,,67.9,24,,22,352,全量(仅A)·声誉待补
普陀区,上海市铜川学校,108,11,0.126,,,,,67.8,25,,23,354,全量(仅A)·声誉待补
普陀区,上海市洵阳中学,88,9,0.078,,,,,67.1,26,,24,291,全量(仅A)·声誉待补
普陀区,上海市怒江中学,39,4,-0.008,,,,,65.7,28,,25,398,全量(仅A)·声誉待补
普陀区,上海市曹杨中学,255,26,-0.078,,,,,64.7,29,,26,412,全量(仅A)·声誉待补
普陀区,上海市普陀区梅陇实验中学,225,23,-0.162,,,,,63.4,30,,27,316,全量(仅A)·声誉待补
普陀区,上海市文达学校,137,14,-0.22,,,,,62.5,31,,28,452,全量(仅A)·声誉待补
普陀区,上海市晋元高级中学附属学校南校,98,10,-0.296,,,,,61.3,32,,29,464,全量(仅A)·声誉待补
普陀区,上海市普陀区教育学院附属学校,59,6,-0.308,,,,,61.1,33,,30,469,全量(仅A)·声誉待补
普陀区,上海市北海中学,137,14,-0.374,,,,,60.1,34,,31,406,全量(仅A)·声誉待补
普陀区,上海市子长学校,59,6,-0.378,,,,,60,35,,32,476,全量(仅A)·声誉待补
普陀区,上海市晋元高级中学附属学校,431,44,0.14,,,76,第二梯队｜机构公众号梯队列,57.9,23,,33,217,全量(仅A)·含声誉
普陀区,上海市桃浦中学,108,11,-0.525,,,,,57.7,36,,34,507,全量(仅A)·声誉待补
普陀区,华东师范大学第四附属中学,313,32,0.049,,,76,第二梯队｜机构公众号梯队列,57.5,27,,35,382,全量(仅A)·含声誉
普陀区,上海市新杨中学,245,25,-0.574,,,,,57,37,,36,516,全量(仅A)·声誉待补
普陀区,上海市金鼎学校,39,4,-1.761,,,,,38.6,39,,37,610,全量(仅A)·声誉待补
普陀区,上海安生学校,39,4,-2.543,,,,,26.6,40,,38,635,全量(仅A)·声誉待补
普陀区,上海市江宁学校,255,26,0.71,,,58,第三梯队｜机构公众号梯队列,26.4,3,,39,173,全量(仅A)·含声誉
普陀区,上海音乐学院附属安师实验中学,39,4,-2.969,,,,,20,41,,40,641,全量(仅A)·声誉待补
普陀区,上海市沙田学校,98,10,-0.787,,,58,第三梯队｜机构公众号梯队列,18.7,38,,41,546,全量(仅A)·含声誉
虹口区,上海市民办新华初级中学,349,41,0.695,,,92,第一梯队｜机构公众号梯队列,89.9,7,,1,143,全量(仅A)·含声誉
虹口区,上海市民办新复兴初级中学,366,43,0.463,,,92,第一梯队｜机构公众号梯队列,88.4,10,,2,142,全量(仅A)·含声誉
虹口区,上海市鲁迅初级中学,145,17,1.003,,,,,78.3,2,,3,18,全量(仅A)·声誉待补
虹口区,上海音乐学院虹口区实验中学,153,18,0.702,,,,,72.4,6,,4,94,全量(仅A)·声誉待补
虹口区,上海市继光初级中学,85,10,0.509,,,,,68.6,8,,5,186,全量(仅A)·声誉待补
虹口区,上海市曲阳第二中学,256,30,0.471,,,,,67.8,9,,6,205,全量(仅A)·声誉待补
虹口区,上海市海南中学,34,4,0.275,,,,,64,12,,7,305,全量(仅A)·声誉待补
虹口区,华东师范大学第一附属初级中学,204,24,0.222,,,,,62.9,13,,8,326,全量(仅A)·声誉待补
虹口区,上海市复兴实验中学,145,17,0.085,,,,,60.2,14,,9,193,全量(仅A)·声誉待补
虹口区,上海市长青学校,145,17,0.727,,,76,第二梯队｜机构公众号梯队列,59.5,3,,10,39,全量(仅A)·含声誉
虹口区,上海市民办迅行中学,162,19,0.709,,,76,第二梯队｜机构公众号梯队列,59.4,5,,11,89,全量(仅A)·含声誉
虹口区,上海市丰镇中学,239,28,-0.185,,,,,54.9,15,,12,443,全量(仅A)·声誉待补
虹口区,上海市民办新北郊初级中学,375,44,0.724,20,5.3,76,第二梯队｜机构公众号梯队列,52,4,2,13,161,双覆盖·含声誉
虹口区,上海市北郊学校,119,14,-0.374,,,,,51.1,16,,14,475,全量(仅A)·声誉待补
虹口区,上海市第五十二中学,111,13,-1.427,8,7.2,,,50.3,22,1,15,596,双覆盖·声誉待补
虹口区,上海世外教育附属虹口区欧阳学校,102,12,-0.521,,,,,48.2,17,,16,506,全量(仅A)·声誉待补
虹口区,上海市钟山初级中学,204,24,-0.681,,,,,45.1,18,,17,538,全量(仅A)·声誉待补
虹口区,上海市虹口区教育学院实验中学,136,16,-0.788,,,,,42.9,19,,18,517,全量(仅A)·声誉待补
虹口区,上海民办克勒外国语学校,162,19,-0.823,,,,,42.3,20,,19,556,全量(仅A)·声誉待补
虹口区,同济大学附属澄衷中学,43,5,-0.895,,,,,40.8,21,,20,557,全量(仅A)·声誉待补
虹口区,上海市虹口实验学校,366,43,1.088,,,58,第三梯队｜机构公众号梯队列,27.5,1,,21,11,全量(仅A)·含声誉
虹口区,上海市江湾初级中学,145,17,0.337,,,58,第三梯队｜机构公众号梯队列,22.6,11,,22,275,全量(仅A)·含声誉
虹口区,上海师范大学附属虹口中学,111,13,-1.95,,,,,20,23,,23,621,全量(仅A)·声誉待补
杨浦区,上海市存志学校,206,20,0.682,,,92,第一梯队｜机构公众号梯队列,88.1,5,,1,106,全量(仅A)·含声誉
杨浦区,复旦大学第二附属学校,309,30,0,,,92,第一梯队｜机构公众号梯队列,82.5,26,,2,669,全量(仅A)·含声誉
杨浦区,上海民办兰生中学,175,17,0,,,92,第一梯队｜机构公众号梯队列,82.5,30,,3,673,全量(仅A)·含声誉
杨浦区,上海市辽阳中学,237,23,0.204,35,14.8,,,77.7,13,1,4,333,双覆盖·声誉待补
杨浦区,上海市同济初级中学,217,21,0.774,,,,,68.5,3,,5,52,全量(仅A)·声誉待补
杨浦区,上海市鞍山初级中学,186,18,0.754,,,,,68.1,4,,6,167,全量(仅A)·声誉待补
杨浦区,上海市惠民中学,144,14,0.631,,,,,65.8,6,,7,118,全量(仅A)·声誉待补
杨浦区,上海市思源中学,144,14,0.513,,,,,63.6,8,,8,184,全量(仅A)·声誉待补
杨浦区,上海市十五中学,155,15,0.467,,,,,62.7,9,,9,180,全量(仅A)·声誉待补
杨浦区,上海市新大桥中学,124,12,0.429,,,,,62,10,,10,335,全量(仅A)·声誉待补
杨浦区,上海民办杨浦凯慧初级中学,165,16,1.379,,,76,第二梯队｜机构公众号梯队列,61.9,1,,11,4,全量(仅A)·含声誉
杨浦区,上海市三门中学（上海财大学附属初级中学）,268,26,0.359,,,,,60.6,11,,12,122,全量(仅A)·声誉待补
杨浦区,上海理工大学附属初级中学,309,30,0.336,,,,,60.2,12,,13,265,全量(仅A)·声誉待补
杨浦区,上海市控江初级中学,361,35,0.164,,,,,56.9,14,,14,356,全量(仅A)·声誉待补
杨浦区,上海市鞍山实验中学,186,18,-0.057,,,,,52.7,15,,15,334,全量(仅A)·声誉待补
杨浦区,上海市杨浦初级中学,124,12,-0.076,,,,,52.4,16,,16,366,全量(仅A)·声誉待补
杨浦区,上海杨浦双语学校,237,23,0,,,76,第二梯队｜机构公众号梯队列,51.9,28,,17,671,全量(仅A)·含声誉
杨浦区,上海民办杨浦实验学校,144,14,0,,,76,第二梯队｜机构公众号梯队列,51.9,33,,18,676,全量(仅A)·含声誉
杨浦区,上海同大实验学校,113,11,0,,,76,第二梯队｜机构公众号梯队列,51.9,36,,19,679,全量(仅A)·含声誉
杨浦区,上海市杨浦区教育学院附属中学,103,10,-0.14,,,,,51.2,17,,20,379,全量(仅A)·声誉待补
杨浦区,上海市建设初级中学,62,6,-0.299,,,,,48.1,18,,21,467,全量(仅A)·声誉待补
杨浦区,上海市国和中学,299,29,0.575,15,5,,,44.7,7,2,22,269,双覆盖·声誉待补
杨浦区,上海市同济第二初级中学,155,15,-0.613,,,,,42.2,19,,23,465,全量(仅A)·声誉待补
杨浦区,上海市包头中学,93,9,-1.239,,,,,30.3,20,,24,580,全量(仅A)·声誉待补
杨浦区,上海市二十五中学,124,12,-1.285,,,,,29.4,21,,25,579,全量(仅A)·声誉待补
杨浦区,上海市铁岭中学,423,41,0.874,,,58,第三梯队｜机构公众号梯队列,24.3,2,,26,58,全量(仅A)·含声誉
杨浦区,上海理工大学附属实验初级中学,186,18,-1.677,,,,,22,22,,27,585,全量(仅A)·声誉待补
杨浦区,上海市东辽阳中学,31,3,-1.782,,,,,20,23,,28,612,全量(仅A)·声誉待补
杨浦区,上海音乐学院实验学校,392,38,0,,,58,第三梯队｜机构公众号梯队列,17.5,24,,29,667,全量(仅A)·含声誉
杨浦区,上海市复旦实验中学,361,35,0,,,,,,25,,,668,全量(仅A)·声誉待补
杨浦区,上海市昆明学校,247,24,0,,,,,,27,,,670,全量(仅A)·声誉待补
杨浦区,上海市市光学校,217,21,0,,,,,,29,,,672,全量(仅A)·声誉待补
杨浦区,上海市黄兴学校,155,15,0,,,,,,31,,,674,全量(仅A)·声誉待补
杨浦区,上海市市东实验学校（上海市市东中学）,144,14,0,,,,,,32,,,675,全量(仅A)·声誉待补
杨浦区,同济大学附属新江湾城实验学校,144,14,0,,,,,,34,,,677,全量(仅A)·声誉待补
杨浦区,上海市长阳实验学校,124,12,0,,,,,,35,,,678,全量(仅A)·声誉待补
杨浦区,上海市育鹰学校,103,10,0,,,,,,37,,,680,全量(仅A)·声誉待补
杨浦区,上海民办沪东外国语学校,93,9,0,,,,,,38,,,681,全量(仅A)·声誉待补
杨浦区,上海市体育学院附属中学,31,3,0,,,,,,39,,,682,全量(仅A)·声誉待补
闵行区,上海民办圣华紫竹双语学校,135,10,0.778,41,30.4,,,98.1,4,1,1,51,双覆盖·声誉待补
闵行区,上海市文来中学,337,25,0.348,100,29.7,92,第一梯队｜机构公众号梯队列,97.1,25,2,2,219,双覆盖·含声誉
闵行区,华东师范大学第二附属中学附属初级中学,471,35,0.321,123,26.1,92,第一梯队｜机构公众号梯队列,95,29,3,3,225,双覆盖·含声誉
闵行区,上海市民办上宝中学,337,25,0.552,,,92,第一梯队｜机构公众号梯队列,90.9,12,,4,129,全量(仅A)·含声誉
闵行区,上海交通大学附属第二中学,498,37,0.624,109,21.9,,,83.8,7,4,5,59,双覆盖·声誉待补
闵行区,上海博世凯外国语学校,108,8,0.735,20,18.5,,,80.4,6,5,6,62,双覆盖·声誉待补
闵行区,上海市民办德英乐实验学校,148,11,0.829,,,,,78.8,2,,7,60,全量(仅A)·声誉待补
闵行区,上海市莘光学校,660,49,0.761,,,,,77.9,5,,8,76,全量(仅A)·声誉待补
闵行区,上海尚师初级中学,202,15,0.614,,,,,75.9,9,,9,123,全量(仅A)·声誉待补
闵行区,上海市闵行区北桥中学,162,12,0.586,,,,,75.5,10,,10,172,全量(仅A)·声誉待补
闵行区,上海市闵行区明星学校,162,12,0.574,,,,,75.4,11,,11,187,全量(仅A)·声誉待补
闵行区,上海市罗阳中学,202,15,0.541,,,,,74.9,14,,12,128,全量(仅A)·声誉待补
闵行区,上海市闵行区田园外国语中学,364,27,0.523,,,,,74.7,15,,13,154,全量(仅A)·声誉待补
闵行区,上海市七宝中学附属鑫都实验中学,660,49,0.492,,,,,74.3,17,,14,132,全量(仅A)·声誉待补
闵行区,上海市民办万源城协和双语学校,121,9,0.419,,,,,73.3,21,,15,242,全量(仅A)·声誉待补
闵行区,上海市闵行区颛桥中学,377,28,0.394,,,,,73,23,,16,179,全量(仅A)·声誉待补
闵行区,上海世外教育附属浦江外国语学校,121,9,0.394,,,,,72.9,24,,17,228,全量(仅A)·声誉待补
闵行区,上海市闵行区马桥复旦万科实验中学,337,25,0.548,50,14.8,,,72.5,13,7,18,145,双覆盖·声誉待补
闵行区,上海市龙柏中学,135,10,0.335,,,,,72.2,26,,19,266,全量(仅A)·声誉待补
闵行区,上海市师资培训中心附属闵行实验中学,296,22,0.322,,,,,72,28,,20,233,全量(仅A)·声誉待补
闵行区,上海市骏博外国语学校,202,15,0.324,,,,,72,27,,21,239,全量(仅A)·声誉待补
闵行区,上海市闵行区华漕学校,189,14,0.289,,,,,71.6,30,,22,240,全量(仅A)·声誉待补
闵行区,上海市闵行区上虹中学,162,12,0.241,,,,,70.9,31,,23,289,全量(仅A)·声誉待补
闵行区,上海市七宝实验中学,323,24,0.239,,,,,70.9,32,,24,192,全量(仅A)·声誉待补
闵行区,上海市闵行区龙茗中学,296,22,0.2,,,,,70.3,33,,25,272,全量(仅A)·声誉待补
闵行区,上海师范大学康城实验学校,391,29,0.156,,,,,69.8,34,,26,286,全量(仅A)·声誉待补
闵行区,华东师范大学附属闵行永德学校,148,11,0.135,,,,,69.5,35,,27,365,全量(仅A)·声誉待补
闵行区,上海市闵行区浦航实验中学,337,25,0.106,,,,,69.1,36,,28,332,全量(仅A)·声誉待补
闵行区,上海市闵行中学附属实验中学,323,24,0.06,,,,,68.5,37,,29,347,全量(仅A)·声誉待补
闵行区,上海市闵行区文来实验学校,175,13,0.036,,,,,68.2,38,,30,359,全量(仅A)·声誉待补
闵行区,上海交通大学附属闵行马桥实验学校,202,15,0.013,,,,,67.8,39,,31,383,全量(仅A)·声誉待补
闵行区,上海师范大学附属闵行第三中学,189,14,-0.033,,,,,67.2,40,,32,386,全量(仅A)·声誉待补
闵行区,上海中医药大学附属闵行晶城中学,296,22,0.472,35,11.8,,,67.1,18,9,33,170,双覆盖·声誉待补
闵行区,上海市闵行第三中学,135,10,-0.137,,,,,65.8,41,,34,416,全量(仅A)·声誉待补
闵行区,上海市闵行区君莲学校,135,10,-0.169,,,,,65.4,42,,35,415,全量(仅A)·声誉待补
闵行区,华东理工大学附属闵行梅陇实验学校,108,8,-0.171,,,,,65.4,43,,36,411,全量(仅A)·声誉待补
闵行区,上海市吴泾中学,108,8,-0.207,,,,,64.9,44,,37,418,全量(仅A)·声誉待补
闵行区,上海市闵行区鹤北初级中学,242,18,-0.254,,,,,64.3,46,,38,413,全量(仅A)·声誉待补
闵行区,上海市闵行区七宝文来学校,296,22,0.401,30,10.1,,,63.7,22,11,39,226,双覆盖·声誉待补
闵行区,上海闵行区协和双语教科学校,148,11,-0.409,,,,,62.2,48,,40,410,全量(仅A)·声誉待补
闵行区,上海市古美学校,94,7,-0.469,,,,,61.4,49,,41,486,全量(仅A)·声誉待补
闵行区,上海市七宝中学附属闵行金都实验中学,256,19,-0.499,,,,,61,50,,42,477,全量(仅A)·声誉待补
闵行区,上海市闵行区七宝第二中学,1051,78,0.448,80,7.6,,,60.8,19,12,43,208,双覆盖·声誉待补
闵行区,上海市民办文绮中学,458,34,0.42,,,76,第二梯队｜机构公众号梯队列,59.7,20,,44,163,全量(仅A)·含声誉
闵行区,上海市闵行区诸翟学校,202,15,-0.666,,,,,58.7,51,,45,483,全量(仅A)·声誉待补
闵行区,上海市闵行区莘松中学,1441,107,0.5,200,13.9,76,第二梯队｜机构公众号梯队列,58.6,16,8,46,130,双覆盖·含声誉
闵行区,华东师范大学附属闵行虹桥学校,108,8,-0.698,,,,,58.3,52,,47,488,全量(仅A)·声誉待补
闵行区,上海市闵行区浦江第二中学,215,16,-0.732,,,,,57.8,53,,48,514,全量(仅A)·声誉待补
闵行区,上海市闵行区七宝第三中学,404,30,0.621,45,11.1,76,第二梯队｜机构公众号梯队列,57.6,8,10,49,93,双覆盖·含声誉
闵行区,上海市民办协和双语尚音学校,108,8,-0.77,,,,,57.3,54,,50,500,全量(仅A)·声誉待补
闵行区,上海市闵行区浦江第三中学,215,16,-0.809,,,,,56.8,55,,51,530,全量(仅A)·声誉待补
闵行区,上海师范大学附属中学闵行实验学校,148,11,-0.23,,,76,第二梯队｜机构公众号梯队列,56.8,45,,52,444,全量(仅A)·含声誉
闵行区,上海市航华中学,215,16,-0.9,,,,,55.6,56,,53,527,全量(仅A)·声誉待补
闵行区,上海市闵行第四中学,189,14,-0.909,,,,,55.5,57,,54,521,全量(仅A)·声誉待补
闵行区,上海市闵行区纪王学校,148,11,-1.508,,,,,47.4,58,,55,573,全量(仅A)·声誉待补
闵行区,上海市马桥强恕学校,121,9,-1.563,,,,,46.7,59,,56,603,全量(仅A)·声誉待补
闵行区,上海市闵行区浦江第一中学,364,27,-0.403,10,2.7,,,42.3,47,13,57,480,双覆盖·声誉待补
闵行区,上海市燎原双语学校,108,8,-2.063,,,,,40,60,,58,618,全量(仅A)·声誉待补
闵行区,上海星河湾双语学校,67,5,-2.984,,,,,27.6,61,,59,642,全量(仅A)·声誉待补
闵行区,上海市莘城学校,391,29,0.919,,,58,第三梯队｜机构公众号梯队列,27.5,1,,60,24,全量(仅A)·含声誉
闵行区,上海市实验学校西校,498,37,0.826,80,16.1,58,第三梯队｜机构公众号梯队列,26.8,3,6,61,22,双覆盖·含声誉
闵行区,上海闵行区民办德闳学校,67,5,-3.51,,,,,20.6,62,,62,646,全量(仅A)·声誉待补
闵行区,上海闵行区民办美高双语学校,67,5,-3.554,,,,,20,63,,63,647,全量(仅A)·声誉待补
闵行区,上海市民办协和双语学校,67,5,0,,,,,,64,,,683,全量(仅A)·声誉待补
闵行区,上海闵行区万科双语学校,67,5,0,,,,,,65,,,684,全量(仅A)·声誉待补
闵行区,上海闵行区诺达双语学校,67,5,0,,,,,,66,,,685,全量(仅A)·声誉待补
宝山区,上海民办华曜宝山实验学校,215,20,0.112,,,92,第一梯队｜机构公众号梯队列,87.7,38,,1,361,全量(仅A)·含声誉
宝山区,上海世外教育附属宝山大华实验学校,118,11,1.044,,,,,80,1,,2,31,全量(仅A)·声誉待补
宝山区,上海市宝山中学,129,12,0.91,,,,,77.9,2,,3,29,全量(仅A)·声誉待补
宝山区,上海师范大学附属宝山实验学校,97,9,0.824,,,,,76.6,4,,4,44,全量(仅A)·声誉待补
宝山区,上海市罗南中学,193,18,0.79,,,,,76.1,5,,5,55,全量(仅A)·声誉待补
宝山区,上海宝山区世外学校,97,9,0.738,,,,,75.3,6,,6,75,全量(仅A)·声誉待补
宝山区,上海市淞谊中学,322,30,0.708,,,,,74.8,7,,7,91,全量(仅A)·声誉待补
宝山区,上海市宝山区杨泰实验中学,387,36,0.696,,,,,74.7,8,,8,98,全量(仅A)·声誉待补
宝山区,上海市月浦实验学校,268,25,0.686,,,,,74.5,9,,9,102,全量(仅A)·声誉待补
宝山区,上海市同洲模范学校,226,21,0.643,,,,,73.8,10,,10,103,全量(仅A)·声誉待补
宝山区,上海市吴淞实验学校,172,16,0.632,,,,,73.7,11,,11,117,全量(仅A)·声誉待补
宝山区,上海市宝山实验学校分校,204,19,0.619,,,,,73.5,12,,12,124,全量(仅A)·声誉待补
宝山区,上海外国语大学附属宝山双语学校,140,13,0.618,,,,,73.5,13,,13,125,全量(仅A)·声誉待补
宝山区,上海大学附属宝山外国语学校,247,23,0.596,,,,,73.1,15,,14,135,全量(仅A)·声誉待补
宝山区,上海民办至德实验学校,290,27,0.587,83,28.6,,,73,16,1,15,139,双覆盖·声誉待补
宝山区,上海民办宝莲中学,322,30,0.543,,,,,72.3,18,,16,166,全量(仅A)·声誉待补
宝山区,上海师范大学附属宝山经纬实验中学,365,34,0.534,,,,,72.2,19,,17,171,全量(仅A)·声誉待补
宝山区,上海市民办交华中学,247,23,0.518,,,,,71.9,20,,18,181,全量(仅A)·声誉待补
宝山区,上海市大场中学,118,11,0.486,,,,,71.4,21,,19,197,全量(仅A)·声誉待补
宝山区,上海市宝山区顾村科技园学校,54,5,0.448,,,,,70.9,22,,20,214,全量(仅A)·声誉待补
宝山区,上海市宝山区美兰湖中学,107,10,0.427,,,,,70.5,23,,21,227,全量(仅A)·声誉待补
宝山区,上海市刘行新华实验学校,236,22,0.422,,,,,70.5,24,,22,230,全量(仅A)·声誉待补
宝山区,上海市宝山区行知外国语学校,161,15,0.377,,,,,69.8,25,,23,303,全量(仅A)·声誉待补
宝山区,上海市宝山区求真中学北校,107,10,0.365,,,,,69.6,26,,24,268,全量(仅A)·声誉待补
宝山区,上海市宝山区上海大学附属中学实验学校,204,19,0.335,,,,,69.1,27,,25,220,全量(仅A)·声誉待补
宝山区,上海大学附属学校,333,31,0.325,,,,,69,28,,26,283,全量(仅A)·声誉待补
宝山区,华东师范大学宝山实验学校,193,18,0.313,,,,,68.8,29,,27,302,全量(仅A)·声誉待补
宝山区,上海市大华中学,129,12,0.301,,,,,68.6,30,,28,292,全量(仅A)·声誉待补
宝山区,上海市泗塘中学,183,17,0.29,,,,,68.4,31,,29,297,全量(仅A)·声誉待补
宝山区,上海市宝山区庙行实验学校,161,15,0.277,,,,,68.2,32,,30,304,全量(仅A)·声誉待补
宝山区,上海市教育学会宝山实验学校,193,18,0.256,,,,,67.9,33,,31,328,全量(仅A)·声誉待补
宝山区,上海市宝山区鹿鸣学校,172,16,0.235,,,,,67.6,34,,32,319,全量(仅A)·声誉待补
宝山区,上海市宝山区乐之中学,129,12,0.164,,,,,66.5,35,,33,344,全量(仅A)·声誉待补
宝山区,上海市宝山区共富实验学校,322,30,0.153,,,,,66.3,36,,34,348,全量(仅A)·声誉待补
宝山区,上海市宝山区南大实验学校,86,8,0.127,,,,,65.9,37,,35,353,全量(仅A)·声誉待补
宝山区,上海市存志附属宝山实验学校,54,5,0.083,,,,,65.3,39,,36,370,全量(仅A)·声誉待补
宝山区,上海市行知实验中学,150,14,0.082,,,,,65.2,40,,37,372,全量(仅A)·声誉待补
宝山区,上海师范大学附属宝山潜溪学校,54,5,0.078,,,,,65.2,41,,38,373,全量(仅A)·声誉待补
宝山区,上海市宝山区天馨学校,150,14,0.058,,,,,64.9,43,,39,377,全量(仅A)·声誉待补
宝山区,上海市宝山区新民实验学校,161,15,0.06,,,,,64.9,42,,40,376,全量(仅A)·声誉待补
宝山区,上海市长江第二中学,290,27,-0.12,,,,,62.1,45,,41,421,全量(仅A)·声誉待补
宝山区,上海市宝山区顾村实验学校,226,21,-0.124,,,,,62.1,46,,42,422,全量(仅A)·声誉待补
宝山区,上海市吴淞中学附属宝山实验学校,118,11,-0.281,,,,,59.7,47,,43,461,全量(仅A)·声誉待补
宝山区,上海市宝山区教育学院附属中学,301,28,0.599,,,76,第二梯队｜机构公众号梯队列,59.6,14,,44,133,全量(仅A)·含声誉
宝山区,上海市宝山华曜附属罗泾中学,172,16,-0.293,,,,,59.5,48,,45,463,全量(仅A)·声誉待补
宝山区,上海市宝山区求真中学,268,25,0.557,,,76,第二梯队｜机构公众号梯队列,59.4,17,,46,151,全量(仅A)·含声誉
宝山区,上海市宝山实验学校高境分校,193,18,-0.339,,,,,58.8,49,,47,479,全量(仅A)·声誉待补
宝山区,上海市宝山区淞谊实验学校,97,9,-0.401,,,,,57.8,50,,48,481,全量(仅A)·声誉待补
宝山区,上海农场学校,54,5,-0.474,,,,,56.7,51,,49,496,全量(仅A)·声誉待补
宝山区,上海市宝山区馨家园学校,161,15,-0.53,,,,,55.8,52,,50,510,全量(仅A)·声誉待补
宝山区,上海师范大学附属宝山罗店中学,97,9,-0.564,,,,,55.3,54,,51,489,全量(仅A)·声誉待补
宝山区,上海市民办锦秋学校,64,6,-0.563,,,,,55.3,53,,52,493,全量(仅A)·声誉待补
宝山区,上海市宝山区罗店第二中学,204,19,-0.637,,,,,54.2,55,,53,542,全量(仅A)·声誉待补
宝山区,上海市宝山区吴淞初级中学,54,5,-0.726,,,,,52.8,56,,54,537,全量(仅A)·声誉待补
宝山区,上海世外教育附属宝山美兰湖实验学校,97,9,-0.798,,,,,51.7,57,,55,478,全量(仅A)·声誉待补
宝山区,上海市行知中学附属宝山实验学校,54,5,-0.994,,,76,第二梯队｜机构公众号梯队列,51.5,61,,56,561,全量(仅A)·含声誉
宝山区,上海市宝山区陈伯吹罗店实验学校,86,8,-0.831,,,,,51.2,58,,57,576,全量(仅A)·声誉待补
宝山区,上海市虎林中学,140,13,-0.86,,,,,50.8,59,,58,545,全量(仅A)·声誉待补
宝山区,华东师范大学附属宝山宝杨实验学校,140,13,-0.922,,,,,49.8,60,,59,559,全量(仅A)·声誉待补
宝山区,上海市吴淞第二中学,118,11,-1.357,,,,,43.2,62,,60,586,全量(仅A)·声誉待补
宝山区,上海市宝山区求真中学南校,118,11,-1.366,,,,,43,63,,61,588,全量(仅A)·声誉待补
宝山区,上海市月浦中学,183,17,-1.398,,,,,42.5,64,,62,592,全量(仅A)·声誉待补
宝山区,上海市盛桥中学,75,7,-1.932,,,,,34.3,65,,63,620,全量(仅A)·声誉待补
宝山区,上海市白茅岭学校（上海市白茅岭学校军天湖分校）,32,3,-1.986,,,,,33.5,66,,64,622,全量(仅A)·声誉待补
宝山区,上海市宝山实验学校,408,38,0.84,,,58,第三梯队｜机构公众号梯队列,26.5,3,,65,40,全量(仅A)·含声誉
宝山区,上海市顾村中学,258,24,-0.1,,,58,第三梯队｜机构公众号梯队列,21.7,44,,66,417,全量(仅A)·含声誉
宝山区,上海金瑞学校,54,5,-2.866,,,,,20,67,,67,639,全量(仅A)·声誉待补
嘉定区,上海民办华曜嘉定初级中学,241,17,0.495,,,92,"第一梯队｜机构公众号梯队列＋嘉定调研(2025嘉定中考多源:700+40+人,四校自招8,公认区一哥)",88.6,14,,1,212,全量(仅A)·含声誉
嘉定区,交大附中附属嘉定德富中学,298,21,0.508,,,88,"一梯队(公办最强)｜嘉定联网调研(头条/百家号:700+17人,最难进,公办黑马;交大资源)",83.2,13,,2,188,全量(仅A)·含声誉
嘉定区,交大附中附属嘉定洪德中学,241,17,0.646,37,15.4,80,"二梯队(第一届中考)｜嘉定联网调研(百家号/头条:最高715,第三届?交大品牌,上升期)",80.5,9,1,3,134,双覆盖·含声誉
嘉定区,上海华旭双语学校,43,3,1.105,,,,,80,1,,4,10,全量(仅A)·声誉待补
嘉定区,中科院上海实验学校,312,22,0.778,,,84,"一梯队(黑马)｜嘉定联网调研(多家:≥27人>729(含综评),2025名额到校亮眼,上升猛)",79.4,7,,5,63,全量(仅A)·含声誉
嘉定区,上海嘉定区世外学校,142,10,0.925,,,,,76.6,3,,6,26,全量(仅A)·声誉待补
嘉定区,上海外国语大学嘉定外国语学校,269,19,0.842,,,,,75,4,,7,38,全量(仅A)·声誉待补
嘉定区,同济大学附属嘉定实验中学,128,9,1.005,,,76,"第二梯队｜机构公众号梯队列＋嘉定调研(57cha:700+21人(8.7%),管理严,家长称公办第一)",69.7,2,,8,17,全量(仅A)·含声誉
嘉定区,上海市民办远东学校,170,12,0.513,,,,,68.7,12,,9,183,全量(仅A)·声誉待补
嘉定区,上海市嘉定区练川实验学校,198,14,0.441,,,,,67.3,16,,10,216,全量(仅A)·声誉待补
嘉定区,上海市民办嘉宜初级中学,312,22,0.414,,,,,66.8,18,,11,241,全量(仅A)·声誉待补
嘉定区,上海市嘉定区新城实验中学,326,23,0.749,30,9.2,75,"二梯队｜嘉定联网调研(头条:最高724,700+6人,难进)",66.7,8,2,12,150,双覆盖·含声誉
嘉定区,上海市民办桃李园实验学校,411,29,0.411,,,76,"第二梯队｜机构公众号梯队列＋嘉定调研(57cha:700+29人,市重率稳,政府购买学位)",65.9,19,,13,243,全量(仅A)·含声誉
嘉定区,上海市曹杨二中附属江桥实验中学,312,22,0.528,,,74,"二梯队｜嘉定联网调研(百家号:最高727.5,700+12人,区前三甲)",63.9,11,,14,175,全量(仅A)·含声誉
嘉定区,上海市嘉定区黄渡中学,241,17,0.223,,,,,63.1,21,,15,324,全量(仅A)·声誉待补
嘉定区,同济大学附属实验中学,255,18,-0.299,,,76,"二梯队(同济品牌)｜嘉定联网调研(公办口碑,同济附属体系)",61.4,30,,16,468,全量(仅A)·含声誉
嘉定区,上海市嘉定区朱桥学校,71,5,0.088,,,,,60.6,24,,17,327,全量(仅A)·声誉待补
嘉定区,上海师范大学附属第五嘉定实验学校,142,10,0.073,,,,,60.3,25,,18,404,全量(仅A)·声誉待补
嘉定区,上海市嘉定区迎园中学,397,28,0.488,,,70,"二梯队｜嘉定联网调研(gdlsgz:≥28人>725.5,入学友好)",58.1,15,,19,108,全量(仅A)·含声誉
嘉定区,上海市嘉定区南苑中学,170,12,-0.168,,,,,55.7,27,,20,435,全量(仅A)·声誉待补
嘉定区,上海大学附属嘉定留云中学,369,26,0.814,,,66,二/三梯队｜嘉定联网调研(百度:最高706),54.7,6,,21,77,全量(仅A)·含声誉
嘉定区,上海市嘉定区嘉二实验学校,255,18,-0.288,,,,,53.4,29,,22,462,全量(仅A)·声誉待补
嘉定区,上海嘉定区民办华盛怀少学校,170,12,0.366,,,64,三梯队｜嘉定联网调研(百度:最高714.5),49.1,20,,23,267,全量(仅A)·含声誉
嘉定区,上海市嘉定区方泰中学,85,6,-0.55,,,,,48.4,31,,24,520,全量(仅A)·声誉待补
嘉定区,上海市嘉定区南翔中学,298,21,0.417,9,3,66,"二/三梯队｜嘉定联网调研(百度:最高716,700+6人)",44.7,17,3,25,234,双覆盖·含声誉
嘉定区,上海市嘉定区苏民学校,255,18,0.223,,,60,三梯队｜嘉定联网调研(百度:南翔片区),42.6,22,,26,67,全量(仅A)·含声誉
嘉定区,上海市嘉定区金鹤学校,241,17,0.559,,,58,三梯队｜嘉定联网调研(百度:江桥片区),42,10,,27,159,全量(仅A)·含声誉
嘉定区,上海市嘉定区震川中学,496,35,0.128,,,58,第三梯队｜机构公众号梯队列,39.3,23,,28,381,全量(仅A)·含声誉
嘉定区,上海市嘉定区嘉一实验初级中学,184,13,-1.085,,,,,38.1,33,,29,570,全量(仅A)·声誉待补
嘉定区,上海市嘉定区华亭学校,57,4,-1.216,,,,,35.6,35,,30,613,全量(仅A)·声誉待补
嘉定区,上海市嘉定区娄塘学校,57,4,-1.226,,,,,35.4,36,,31,617,全量(仅A)·声誉待补
嘉定区,上海市嘉定区丰庄中学,241,17,-0.25,,,56,三梯队｜嘉定联网调研(头条:最高708),34.1,28,,32,459,全量(仅A)·含声誉
嘉定区,上海市嘉定区启良中学,241,17,-0.052,,,55,三梯队｜嘉定联网调研(57cha:老师严),34,26,,33,407,全量(仅A)·含声誉
嘉定区,上海市嘉定区华江中学,255,18,-0.879,,,58,三梯队｜嘉定联网调研(百度:江桥片区),32.8,32,,34,555,全量(仅A)·含声誉
嘉定区,上海市嘉定区疁城实验学校,354,25,-1.153,,,58,第三梯队｜机构公众号梯队列,31.1,34,,35,575,全量(仅A)·含声誉
嘉定区,上海市嘉定区外冈中学,128,9,-1.478,,,,,30.6,37,,36,599,全量(仅A)·声誉待补
嘉定区,上海市嘉定区戬浜学校,43,3,0.839,,,45,"三梯队/普通｜嘉定联网调研(未见任何头部榜单,综合推断为中下游(本次修正关键))",25.8,5,,37,41,全量(仅A)·含声誉
嘉定区,上海市嘉定区马陆育才联合中学,156,11,-1.874,,,,,23,38,,38,616,全量(仅A)·声誉待补
嘉定区,上海市嘉定区徐行中学,113,8,-2.032,,,,,20,39,,39,606,全量(仅A)·声誉待补
松江区,上海市松江九峰实验学校,311,24,0.674,,,92,第一梯队｜机构公众号梯队列,91.4,8,,1,121,全量(仅A)·含声誉
松江区,上海市松江区民办茸一中学,298,23,0.256,,,92,第一梯队｜机构公众号梯队列,88.8,21,,2,313,全量(仅A)·含声誉
松江区,上海工程技术大学附属松江泗泾实验学校,208,16,0.833,,,,,79.6,2,,3,42,全量(仅A)·声誉待补
松江区,华东政法大学附属松江实验学校,415,32,0.821,,,,,79.4,3,,4,46,全量(仅A)·声誉待补
松江区,上海市松江区第七中学,636,49,0.752,,,,,78.1,4,,5,71,全量(仅A)·声誉待补
松江区,上海市松江区新闵学校,285,22,0.723,,,,,77.6,6,,6,131,全量(仅A)·声誉待补
松江区,上海市西外外国语学校,259,20,0.701,36,13.9,,,77.2,7,1,7,96,双覆盖·声誉待补
松江区,上海市松江区九亭第二中学（含领科校区）,454,35,0.66,,,,,76.4,9,,8,109,全量(仅A)·声誉待补
松江区,上海外国语大学松江外国语学校,688,53,0.656,,,,,76.4,10,,9,112,全量(仅A)·声誉待补
松江区,上海市松江区九亭中学,701,54,0.617,,,,,75.7,11,,10,126,全量(仅A)·声誉待补
松江区,上海对外经贸大学附属松江实验学校花园分校,675,52,0.595,,,,,75.2,12,,11,136,全量(仅A)·声誉待补
松江区,上海师范大学附属松江实验学校,208,16,0.588,,,,,75.1,13,,12,245,全量(仅A)·声誉待补
松江区,上海市三新学校松江思贤分校,104,8,0.58,,,,,75,14,,13,191,全量(仅A)·声誉待补
松江区,上海市松江区第六中学,363,28,0.506,,,,,73.6,15,,14,189,全量(仅A)·声誉待补
松江区,上海外国语大学附属外国语学校松江云间中学,311,24,0.451,,,,,72.6,17,,15,211,全量(仅A)·声誉待补
松江区,上海师范大学松江科创实验学校,65,5,0.391,,,,,71.5,18,,16,252,全量(仅A)·声誉待补
松江区,上海市松江区科技学校,298,23,0.386,,,,,71.4,19,,17,308,全量(仅A)·声誉待补
松江区,上海市三新学校松江东部分校,363,28,0.268,,,,,69.2,20,,18,310,全量(仅A)·声誉待补
松江区,上海市松江一中附属叶榭学校,104,8,0.167,,,,,67.4,22,,19,342,全量(仅A)·声誉待补
松江区,上海市松江区泗泾实验学校,182,14,0.164,,,,,67.3,23,,20,343,全量(仅A)·声誉待补
松江区,上海市松江区新桥中学,234,18,0.122,,,,,66.5,24,,21,355,全量(仅A)·声誉待补
松江区,上海市松江区洞泾学校,247,19,0.111,,,,,66.3,25,,22,363,全量(仅A)·声誉待补
松江区,上海戏剧学院附属松江实验学校,78,6,0.017,,,,,64.6,26,,23,388,全量(仅A)·声誉待补
松江区,上海政法学院附属松江外国语学校,104,8,-0.008,,,,,64.1,27,,24,393,全量(仅A)·声誉待补
松江区,东华大学附属实验学校,532,41,0.854,,,76,第二梯队｜机构公众号梯队列,61.9,1,,25,36,全量(仅A)·含声誉
松江区,上海市松江区第五中学,285,22,-0.147,,,,,61.6,28,,26,399,全量(仅A)·声誉待补
松江区,上海市松江区民乐学校,337,26,0.472,,,76,第二梯队｜机构公众号梯队列,59.6,16,,27,204,全量(仅A)·含声誉
松江区,上海世外教育附属松江区车墩学校,104,8,-0.565,,,,,53.9,29,,28,525,全量(仅A)·声誉待补
松江区,上海市松江区佘山学校,91,7,-0.684,,,,,51.7,30,,29,533,全量(仅A)·声誉待补
松江区,东华大学附属实验学校松江小昆山分校,182,14,-0.721,,,,,51,31,,30,536,全量(仅A)·声誉待补
松江区,上海市松江区仓桥学校,234,18,-0.867,,,,,48.3,32,,31,553,全量(仅A)·声誉待补
松江区,上海市松江区张泽学校,65,5,-1.381,,,,,38.9,34,,32,591,全量(仅A)·声誉待补
松江区,上海市松江区洞泾外国语实验学校,65,5,-1.676,,,,,33.4,35,,33,607,全量(仅A)·声誉待补
松江区,上海市松江区天马山学校,78,6,-1.692,,,,,33.1,36,,34,594,全量(仅A)·声誉待补
松江区,上海市三新学校,376,29,0.725,,,58,第三梯队｜机构公众号梯队列,26.7,5,,35,82,全量(仅A)·含声誉
松江区,上海师范大学松江未来实验学校,65,5,-2.131,,,,,25.1,37,,36,627,全量(仅A)·声誉待补
松江区,上海赫贤学校,65,5,-2.407,,,,,20,38,,37,633,全量(仅A)·声誉待补
松江区,上海市松江二中附属浦南实验学校,195,15,-0.96,,,58,第三梯队｜机构公众号梯队列,16.4,33,,38,539,全量(仅A)·含声誉
青浦区,上海青浦兰生学校,123,17,0.734,30,24.4,92,第一梯队｜机构公众号梯队列,98.3,5,1,1,78,双覆盖·含声誉
青浦区,上海青浦区世外学校,101,14,0.108,,,92,第一梯队｜机构公众号梯队列,87,19,,2,364,全量(仅A)·含声誉
青浦区,上海市青浦区第一中学,348,48,1.023,,,,,80,1,,3,14,全量(仅A)·声誉待补
青浦区,上海市毓秀学校,348,48,0.923,,,,,78.2,2,,4,27,全量(仅A)·声誉待补
青浦区,上海市教育学会青浦清河湾中学,290,40,0.871,,,,,77.3,4,,5,35,全量(仅A)·声誉待补
青浦区,上海市青浦区教育学院附属中学,225,31,0.875,,,,,77.3,3,,6,34,全量(仅A)·声誉待补
青浦区,上海市青浦区豫才中学,254,35,0.579,,,,,72,6,,7,147,全量(仅A)·声誉待补
青浦区,上海市青浦区思源中学,145,20,0.558,,,,,71.6,8,,8,160,全量(仅A)·声誉待补
青浦区,上海市青浦区珠溪中学,196,27,0.48,,,,,70.2,12,,9,169,全量(仅A)·声誉待补
青浦区,上海市青浦区凤溪中学,167,23,0.349,,,,,67.8,15,,10,282,全量(仅A)·声誉待补
青浦区,上海宋庆龄学校,36,5,0.237,,,,,65.8,16,,11,318,全量(仅A)·声誉待补
青浦区,上海五浦汇实验学校,225,31,0.236,,,,,65.8,17,,12,247,全量(仅A)·声誉待补
青浦区,上海市青浦区徐泾中学,275,38,0.212,,,,,65.4,18,,13,279,全量(仅A)·声誉待补
青浦区,上海市青浦区白鹤中学,188,26,0.012,,,,,61.8,20,,14,394,全量(仅A)·声誉待补
青浦区,上海市青浦区第一中学尚美分校,109,15,-0.147,,,,,58.9,21,,15,428,全量(仅A)·声誉待补
青浦区,上海市博文学校,51,7,-0.161,,,,,58.7,22,,16,430,全量(仅A)·声誉待补
青浦区,上海市青浦区华新中学,348,48,0.386,14,4,,,52.9,14,2,17,255,双覆盖·声誉待补
青浦区,上海政法学院附属青浦崧淀中学,109,15,0.505,3,2.8,,,52.9,10,3,18,190,双覆盖·声誉待补
青浦区,上海市青浦区崧泽学校,225,31,0.484,6,2.7,,,52.4,11,4,19,198,双覆盖·声誉待补
青浦区,上海师范大学附属青浦实验中学,101,14,-0.536,,,,,51.9,23,,20,511,全量(仅A)·声誉待补
青浦区,上海师范大学附属青浦重固学校,130,18,0.54,2,1.5,,,51.3,9,5,21,168,双覆盖·声誉待补
青浦区,上海市青浦区金泽中学,36,5,-0.79,,,,,47.3,24,,22,547,全量(仅A)·声誉待补
青浦区,上海青浦区协和双语学校,51,7,-0.893,,,,,45.5,25,,23,558,全量(仅A)·声誉待补
青浦区,上海市毓华学校,22,3,-0.931,,,,,44.8,26,,24,560,全量(仅A)·声誉待补
青浦区,上海市佳信学校,22,3,-0.974,,,,,44,27,,25,562,全量(仅A)·声誉待补
青浦区,上海市青浦区颜安中学,123,17,-1.072,,,,,42.2,28,,26,567,全量(仅A)·声誉待补
青浦区,上海市青浦区少年业余体育学校,22,3,-1.412,,,,,36.1,29,,27,593,全量(仅A)·声誉待补
青浦区,上海市青浦区沈巷中学,51,7,-1.867,,,,,27.9,30,,28,615,全量(仅A)·声誉待补
青浦区,上海市青浦区实验中学,696,96,0.56,,,76,第二梯队｜机构公众号梯队列,24.7,7,,29,68,全量(仅A)·含声誉
青浦区,上海市青浦区东方中学,457,63,0.415,,,76,第二梯队｜机构公众号梯队列,23.8,13,,30,237,全量(仅A)·含声誉
青浦区,上海青浦平和双语学校,80,11,-2.305,,,,,20,31,,31,631,全量(仅A)·声誉待补
奉贤区,上海市奉贤区实验中学,392,24,0.683,,,92,第一梯队｜机构公众号梯队列,89.9,8,,1,97,全量(仅A)·含声誉
奉贤区,上海市奉贤区育秀中学,376,23,0.575,,,92,第一梯队｜机构公众号梯队列,89.4,12,,2,116,全量(仅A)·含声誉
奉贤区,上海市奉贤中学附属初级中学,212,13,1.213,,,,,80,1,,3,7,全量(仅A)·声誉待补
奉贤区,上海外国语大学附属奉贤实验中学,163,10,0.937,,,,,75.9,2,,4,12,全量(仅A)·声誉待补
奉贤区,上海市奉贤区待问中学,147,9,0.931,,,,,75.8,3,,5,20,全量(仅A)·声誉待补
奉贤区,上海市奉贤区青溪中学,212,13,0.897,,,,,75.3,4,,6,21,全量(仅A)·声誉待补
奉贤区,上海市奉贤区星火学校,82,5,0.881,,,,,75.1,5,,7,32,全量(仅A)·声誉待补
奉贤区,上海市奉贤区钱桥学校,65,4,0.747,,,,,73.1,7,,8,54,全量(仅A)·声誉待补
奉贤区,上海奉贤区世外学校,82,5,0.648,,,,,71.7,9,,9,81,全量(仅A)·声誉待补
奉贤区,上海市奉贤区崇实中学,294,18,0.637,,,,,71.5,10,,10,70,全量(仅A)·声誉待补
奉贤区,上海市奉贤区汇贤中学,294,18,0.593,,,,,70.8,11,,11,65,全量(仅A)·声誉待补
奉贤区,上海市奉贤区华亭学校,229,14,0.572,,,,,70.5,13,,12,113,全量(仅A)·声誉待补
奉贤区,上海市奉贤区西渡学校,163,10,0.522,,,,,69.8,14,,13,164,全量(仅A)·声誉待补
奉贤区,上海市奉贤区阳光外国语学校,180,11,0.496,,,,,69.4,15,,14,177,全量(仅A)·声誉待补
奉贤区,上海市奉贤区尚同中学,147,9,0.406,,,,,68.1,16,,15,209,全量(仅A)·声誉待补
奉贤区,上海市奉贤区胡桥学校,49,3,0.385,,,,,67.8,17,,16,256,全量(仅A)·声誉待补
奉贤区,上海市奉贤区奉城第二中学,147,9,0.35,,,,,67.3,18,,17,246,全量(仅A)·声誉待补
奉贤区,上海市奉贤区古华中学,163,10,0.321,,,,,66.8,19,,18,271,全量(仅A)·声誉待补
奉贤区,上海市奉贤中学附属南桥中学,229,14,0.294,,,,,66.4,20,,19,299,全量(仅A)·声誉待补
奉贤区,上海市奉贤区庄行学校,82,5,0.29,,,,,66.4,21,,20,277,全量(仅A)·声誉待补
奉贤区,上海理工大学附属奉贤学校,131,8,0.281,,,,,66.2,22,,21,280,全量(仅A)·声誉待补
奉贤区,上海师范大学附属奉贤实验中学,114,7,0.265,,,,,66,23,,22,288,全量(仅A)·声誉待补
奉贤区,上海市奉贤区奉浦中学,131,8,0.2,,,,,65,24,,23,312,全量(仅A)·声誉待补
奉贤区,上海市奉贤区塘外中学,65,4,0.032,,,,,62.6,25,,24,378,全量(仅A)·声誉待补
奉贤区,上海市奉贤区肖塘中学,98,6,-0.033,,,,,61.6,27,,25,392,全量(仅A)·声誉待补
奉贤区,上海市奉贤区邬桥学校,65,4,-0.032,,,,,61.6,26,,26,384,全量(仅A)·声誉待补
奉贤区,上海市奉贤区蓝湾五四学校,65,4,-0.051,,,,,61.3,28,,27,390,全量(仅A)·声誉待补
奉贤区,上海奉贤区世外教育附属临港外国语学校,65,4,-0.148,,,,,59.9,29,,28,426,全量(仅A)·声誉待补
奉贤区,上海市奉贤区柘林学校,82,5,-0.17,,,,,59.6,30,,29,434,全量(仅A)·声誉待补
奉贤区,上海市奉贤区洪庙中学,82,5,-0.192,,,,,59.3,31,,30,425,全量(仅A)·声誉待补
奉贤区,上海市奉贤区肇文学校,131,8,-0.409,,,,,56.1,32,,31,474,全量(仅A)·声誉待补
奉贤区,上海大学附属奉贤实验学校,,,-0.487,,,,,54.9,33,,32,485,全量(仅A)·声誉待补
奉贤区,上海市奉贤区平安学校,114,7,-0.582,,,,,53.5,34,,33,508,全量(仅A)·声誉待补
奉贤区,上海市奉贤区齐贤学校,82,5,-1.059,,,,,46.5,35,,34,564,全量(仅A)·声誉待补
奉贤区,上海市奉贤区新寺学校,49,3,-1.168,,,,,44.9,36,,35,571,全量(仅A)·声誉待补
奉贤区,上海市奉贤区青村中学,65,4,-1.381,,,,,41.7,37,,36,601,全量(仅A)·声誉待补
奉贤区,上海市奉贤中学附属三官堂学校,49,3,-1.463,,,,,40.5,38,,37,590,全量(仅A)·声誉待补
奉贤区,上海市奉贤区头桥中学,65,4,-1.998,,,,,32.6,39,,38,624,全量(仅A)·声誉待补
奉贤区,上海市奉贤区四团中学,114,7,-2.311,,,,,28,40,,39,630,全量(仅A)·声誉待补
奉贤区,上海市奉贤区弘文学校,180,11,0.822,,,76,第二梯队｜机构公众号梯队列,25.6,6,,40,33,全量(仅A)·含声誉
奉贤区,上海市奉贤区青少年业余体育学校,49,3,-2.732,,,,,21.8,41,,41,640,全量(仅A)·声誉待补
奉贤区,上海市奉贤区邵厂学校,49,3,-2.851,,,,,20,42,,42,638,全量(仅A)·声誉待补
奉贤区,上海大学附属奉贤实验学校（原金汇学校）,82,5,0,,,,,,43,,,686,全量(仅A)·声誉待补
金山区,上海市蒙山中学,478,40,0.563,,,92,第一梯队｜机构公众号梯队列,85.6,9,,1,48,全量(仅A)·含声誉
金山区,上海金山区世外学校,96,8,-0.036,,,92,第一梯队｜机构公众号梯队列,82.6,15,,2,402,全量(仅A)·含声誉
金山区,上海市新农学校,24,2,1.959,,,,,80,1,,3,1,全量(仅A)·声誉待补
金山区,上海金山区健桥实验中学,191,16,1.317,,,,,70.5,2,,4,6,全量(仅A)·声誉待补
金山区,上海市山阳中学,84,7,1.223,,,,,69.1,3,,5,9,全量(仅A)·声誉待补
金山区,上海市干巷学校,48,4,1.013,,,,,66,4,,6,15,全量(仅A)·声誉待补
金山区,上海师范大学附属金山前京中学,215,18,0.91,,,,,64.5,6,,7,30,全量(仅A)·声誉待补
金山区,上海市金山区教育学院附属中学,143,12,0.73,,,,,61.8,7,,8,80,全量(仅A)·声誉待补
金山区,上海市同凯中学,191,16,0.627,,,,,60.3,8,,9,120,全量(仅A)·声誉待补
金山区,上海市朱行中学,84,7,0.415,,,,,57.1,11,,10,238,全量(仅A)·声誉待补
金山区,上海市西林中学,454,38,0.38,,,,,56.6,13,,11,259,全量(仅A)·声誉待补
金山区,上海市民办金盟学校,155,13,0.381,,,,,56.6,12,,12,95,全量(仅A)·声誉待补
金山区,上海市金山实验中学,203,17,0.267,,,,,54.9,14,,13,311,全量(仅A)·声誉待补
金山区,华东师范大学附属枫泾中学,251,21,-0.058,,,,,50.1,16,,14,408,全量(仅A)·声誉待补
金山区,上海市亭新中学,203,17,-0.128,,,,,49.1,17,,15,325,全量(仅A)·声誉待补
金山区,上海市民办永昌中学,36,3,-0.355,,,,,45.7,18,,16,563,全量(仅A)·声誉待补
金山区,上海市张堰第二中学,107,9,-0.598,,,,,42.1,20,,17,519,全量(仅A)·声誉待补
金山区,上海市金山区青少年业余体育学校,24,2,-0.596,,,,,42.1,19,,18,518,全量(仅A)·声誉待补
金山区,上海市金卫中学,143,12,-0.609,,,,,41.9,21,,19,522,全量(仅A)·声誉待补
金山区,上海市金山区龙泉学校,24,2,-0.662,,,,,41.1,22,,20,529,全量(仅A)·声誉待补
金山区,上海市漕泾中学,24,2,-0.702,,,,,40.6,23,,21,535,全量(仅A)·声誉待补
金山区,上海市松隐中学,24,2,-0.737,,,,,40,24,,22,540,全量(仅A)·声誉待补
金山区,上海市金山区吕巷学校,36,3,-1.085,,,,,34.9,25,,23,569,全量(仅A)·声誉待补
金山区,上海市廊下中学,48,4,-1.358,,,,,30.8,26,,24,587,全量(仅A)·声誉待补
金山区,上海市金山区钱圩学校,24,2,-1.7,,,,,25.8,27,,25,609,全量(仅A)·声誉待补
金山区,上海市金山初级中学,442,37,0.994,,,76,第二梯队｜机构公众号梯队列,22.7,5,,26,19,全量(仅A)·含声誉
金山区,上海市罗星中学,478,40,0.437,,,76,第二梯队｜机构公众号梯队列,20,10,,27,185,全量(仅A)·含声誉
金山区,上海金山杭州湾双语学校,72,6,-2.089,,,,,20,28,,28,625,全量(仅A)·声誉待补
崇明区,上海市实验学校附属东滩学校,199,16,0.659,,,92,第一梯队｜机构公众号梯队列,85.9,3,,1,111,全量(仅A)·含声誉
崇明区,上海市崇明区实验中学,310,25,0.339,,,92,第一梯队｜机构公众号梯队列,84,8,,2,274,全量(仅A)·含声誉
崇明区,上海市向明初级中学附属崇明区江帆中学,223,18,1.33,,,,,72.5,2,,3,5,全量(仅A)·声誉待补
崇明区,上海市崇明中学附属东门中学,509,41,0.523,,,,,57.8,4,,4,176,全量(仅A)·声誉待补
崇明区,上海市崇明区长明中学,74,6,0.487,,,,,57.1,5,,5,196,全量(仅A)·声誉待补
崇明区,上海市崇明区合兴中学,37,3,0.463,,,,,56.7,6,,6,207,全量(仅A)·声誉待补
崇明区,上海市崇明区长兴中学,186,15,0.422,,,,,55.9,7,,7,231,全量(仅A)·声誉待补
崇明区,上海师范大学附属崇明正大中学,273,22,0.269,,,,,53.1,9,,8,307,全量(仅A)·声誉待补
崇明区,上海市崇明区向化中学,50,4,0.19,,,,,51.7,10,,9,565,全量(仅A)·声誉待补
崇明区,上海市崇明区庙镇学校,37,3,0.051,,,,,49.2,11,,10,380,全量(仅A)·声誉待补
崇明区,上海市崇明区长江学校,37,3,0,,,,,48.2,12,,11,648,全量(仅A)·声誉待补
崇明区,上海市崇明区裕安中学,261,21,-0.023,,,,,47.8,13,,12,433,全量(仅A)·声誉待补
崇明区,上海新纪元双语学校,37,3,-0.219,,,,,44.3,14,,13,451,全量(仅A)·声誉待补
崇明区,上海市崇明区崇东中学,37,3,-0.247,,,,,43.7,15,,14,458,全量(仅A)·声誉待补
崇明区,上海市崇明区三烈中学,25,2,-0.498,,,,,39.2,16,,15,503,全量(仅A)·声誉待补
崇明区,上海市崇明区大公中学,74,6,-0.528,,,,,38.6,17,,16,509,全量(仅A)·声誉待补
崇明区,上海市崇明区大新中学,37,3,-0.683,,,,,35.8,18,,17,531,全量(仅A)·声誉待补
崇明区,上海市崇明区建设中学,37,3,-0.869,,,,,32.4,19,,18,554,全量(仅A)·声誉待补
崇明区,上海民办民一中学,174,14,1.744,,,76,第二梯队｜机构公众号梯队列,27.5,1,,19,2,全量(仅A)·含声誉
崇明区,上海市崇明区新海学校,25,2,-1.207,,,,,26.3,20,,20,577,全量(仅A)·声誉待补
崇明区,上海市崇明区三星中学,25,2,-1.46,,,,,21.7,21,,21,597,全量(仅A)·声誉待补
崇明区,上海市崇明区横沙中学,62,5,-1.551,,,,,20,22,,22,604,全量(仅A)·声誉待补
崇明区,上海市崇明区凌云中学,37,3,0,,,,,,23,,,687,全量(仅A)·声誉待补
