2026 年上海中考 1-15志愿（平行志愿）统一招生录取最低分数线,,,,,,,,,,
,,,,,,,,,,
区,招生代码,招生学校,录取最低分,语数外,数学,语文,综合测试,是否同分优待,备注,
浦东新区,042032,上海市上海中学,715.5,425.5,149,133,144,否,,
浦东新区,102056,上海交通大学附属中学,714,427,149,134,144,否,,
浦东新区,102057,复旦大学附属中学,715,420,146,127,150,否,,
浦东新区,152003,华东师范大学第二附属中学,715,425.5,141,138,143,否,,
浦东新区,155001,上海市实验学校,709,416,139,128,145,否,,
浦东新区,152006,上海师范大学附属中学,701.5,419,146,130,141,否,,
浦东新区,152001,上海市建平中学,706,415,142,132,144,否,,
浦东新区,152002,上海市进才中学,703.5,412.5,136,131,142,否,,
浦东新区,152004,上海南汇中学,685,407,129,136,131,否,,
浦东新区,153001,上海市洋泾中学,697,413,142,124,141,否,,
浦东新区,153005,上海市川沙中学,695.5,408.5,139,128,147,否,,
浦东新区,151078,上海中学东校,700,414,136,132,139,否,,
浦东新区,152005,上海市浦东复旦附中分校,710,416,138,136,147,否,,
浦东新区,153004,上海市高桥中学,684,412,137,129,131,否,,
浦东新区,153002,华东师范大学附属东昌中学,686.5,400.5,130,126,139,否,,
浦东新区,154013,上海海事大学附属北蔡高级中学,674.5,388,135,119,142,否,,
浦东新区,154009,上海市香山中学,619.5,359,120,117,129,否,,
浦东新区,152007,上海市建平中学筠溪分校,690.5,401,132,127,144,否,,
浦东新区,152008,上海市进才中学根林分校,682,393,129,122,146,否,,
浦东新区,152009,上海市川沙中学友仁分校,678,394,132,118,144,否,,
浦东新区,151019,上海市洋泾中学南校,672.5,389,119,132,143,否,,
浦东新区,151087,上海市浦东外国语学校东校,642,380,121,124,121,否,,
浦东新区,153003,上海市上南中学,659,395.5,127,127,125.5,否,,
浦东新区,153006,上海市三林中学,647.5,394.5,129,122,108,否,,
浦东新区,153007,上海市杨思高级中学,641,366,113,117,132,否,,
浦东新区,153008,上海市新川中学,658,386,130,123,130,否,,
浦东新区,153009,华东师范大学附属周浦中学,667,389,115,132,131,否,,
浦东新区,153010,上海海洋大学附属大团高级中学,610.5,359.5,98,124,118,否,,
浦东新区,153011,上海市新场中学,579,351,102,115,96,否,,
浦东新区,153012,华东理工大学附属浦东科技高级中学,665,394,132,125,129,否,,
浦东新区,153013,华东师范大学附属浦东临港高级中学,654.5,384,116,127,129,否,,
浦东新区,153014,上海市浦东临港科技高级中学,656.5,384,123,123,133,否,,
浦东新区,154003,上海市文建中学,605.5,345,92,125,120,否,,
浦东新区,154011,上海市陆行中学,646.5,363,115,116,139,否,,
浦东新区,154012,上海市浦东中学,600,349.5,112,114,114,否,,
浦东新区,154016,上海立信会计金融学院附属高行中学,637.5,366.5,108,123,125,否,,
浦东新区,154044,上海市建平世纪中学,632.5,365,105,126,128,否,,
浦东新区,154046,上海交通大学附属中学浦东实验高中,614.5,351,109,110,122,否,,
浦东新区,154050,上海市南汇第一中学,627,364.5,114,117,129,否,,
浦东新区,154008,上海市泾南中学,581.5,353.5,103,117,103,否,,
浦东新区,154010,上海市沪新中学,560,322.5,118,104,108,否,,
浦东新区,154015,上海市育民中学,622,374.5,123,115,108,否,,
浦东新区,154017,上海第二工业大学附属龚路中学,590,336,91,116,118.5,否,,
浦东新区,154020,上海市江镇中学,584.5,342,94,124,108,否,,
浦东新区,154024,华东师范大学张江实验中学,627,360,97,119,127,否,,
浦东新区,154026,上海市三林中学东校,576,336,106,105,107,否,,
浦东新区,154045,上海市高东中学,567.5,328.5,94,118,99,否,,
浦东新区,154047,上海市祝桥高级中学,567.5,330.5,111,109,107,否,,
浦东新区,154051,上海市老港中学,543.5,319.5,98,114,90,否,,
浦东新区,154052,上海市泥城中学,534,285.5,107,118,112,否,,
浦东新区,154053,上海市吴迅中学,555.5,316.5,92,106,110,否,,
浦东新区,154054,上海市浦东新区群峰高级中学,600,349,109,106,116,否,,
浦东新区,155002,上海市长岛中学,589,345.5,108,114,108,否,,
浦东新区,151082,上海民办光华中学,505.5,311,66,118,68,否,未录满,
浦东新区,154033,上海市浦东新区民办浦实高级中学,504,279,94,107,93,否,未录满,
浦东新区,154037,上海市民办育辛高级中学,501,272.5,91,104,105,否,未录满,
浦东新区,154039,上海市民办丰华高级中学,501.5,291,65,110,87,否,未录满,
浦东新区,154048,民办上海工商外国语职业学院附属中学,490.5,261,86,118,90,否,未录满,
浦东新区,155013,上海市民办金苹果学校,501,287,88,108,91,否,未录满,
浦东新区,155041,上海浦东新区民办东鼎外国语学校,480.5,262.5,57,105,92,否,未录满,
浦东新区,155043,上海市民办尚德实验学校,627,358.5,98,122,126,否,,
浦东新区,155047,上海浦东新区民办沪港学校,513.5,326.5,89,105,67.5,否,未录满,
浦东新区,155049,上海民办华曜浦东实验学校,672.5,394.5,125,123,138,否,,
浦东新区,155050,上海浦东新区民办万科学校,506,297.5,83,84,88,否,未录满,
浦东新区,155052,上海浦东新区民办惠立学校,502.5,305.5,73,113,72,否,未录满,
浦东新区,155053,上海浦东新区民办宏文学校,508,292.5,74,117,92,否,未录满,
浦东新区,155055,上海浦东民办未来科技学校,618.5,355,99,123,121,否,,
浦东新区,155056,上海浦东新区民办康德学校,518.5,296,68,125,93,否,未录满,
浦东新区,155057,上海浦东新区民办籽奥高级中学,510,299,86,101,85.5,否,未录满,
浦东新区,014006,上海市同济黄浦设计创意中学,642,370.5,120,125,137,否,,
浦东新区,064020,上海田家炳中学,652.5,378,124,116,135,否,,
浦东新区,069004,上海戏剧学院附属高级中学,626.5,361.5,103,124,123,否,,
浦东新区,074081,上海安生学校,608.5,365.5,111,115,109,否,未录满,
浦东新区,079016,上海音乐学院附属安师实验中学,597.5,343.5,91,119,115,否,,
浦东新区,124108,上海市文来中学,664.5,377.5,114,123,145,否,,
浦东新区,124109,上海市民办文绮中学,629,359,108,120,133,否,,
浦东新区,124116,上海市民办燎原双语高级中学,597,344.5,101,113,113,否,,
浦东新区,134010,上海民办行中中学,504.5,303.5,68,108,79.5,否,未录满,
浦东新区,134012,上海存志高级中学,642,375.5,130,108,124,否,,
浦东新区,134014,上海创艺高级中学,489.5,283,74,103,82.5,否,未录满,
浦东新区,134015,上海市宝山华曜高级中学,646,380,118,124,134,否,,
浦东新区,135001,上海市同洲模范学校,520.5,287,84,119,96,否,,
浦东新区,135034,上海宝山区世外学校,684.5,399.5,130,126,141,否,,
浦东新区,135003,上海金瑞学校,535.5,317,102,98,92,否,未录满,
浦东新区,134013,上海宝山区民办维尚高级中学,,,,,,,否,未录满
浦东新区,145030,上海嘉定区民办华盛怀少学校,522.5,316.5,83,108,83.5,否,未录满,
浦东新区,145018,上海华旭双语学校,,,,,,,否,未录满
浦东新区,164005,上海市民办交大南洋中学,560.5,308,94,104,123,否,,
浦东新区,165004,上海金山区世外学校,639,390.5,116,128,114,否,,
浦东新区,164008,上海市民办永昌中学,,,,,,,否,未录满
浦东新区,173002,上海市松江区科德高级中学,566,324,116,104,103,否,未录满,
浦东新区,173005,上海市松江区励滕高级中学,,,,,,,否,未录满
浦东新区,174013,上海领科双语学校,643.5,374,124,115,133,否,,
浦东新区,175018,上海市西外外国语学校,521,302.5,84,98,93,否,,
浦东新区,175024,上海赫贤学校,551.5,322.5,96,111,99.5,否,未录满,
浦东新区,175025,上海松江区爱菊学校,620.5,376,116,124,103,否,,
浦东新区,184006,上海青浦区世外高级中学,638,388.5,113,133,124.5,否,,
浦东新区,184007,上海青浦区宏润博源高级中学,613,360,106,113,117,否,未录满,
浦东新区,185008,上海宋庆龄学校,666,395,130,127,132,否,,
浦东新区,185014,上海青浦区协和双语学校,529,316,53,124,75,否,未录满,
浦东新区,204020,上海美达菲双语高级中学,511,276.5,91,106,105,否,未录满,
浦东新区,204021,上海奉贤区博华高级中学,556.5,317.5,111,110,107,否,,
浦东新区,514001,上海市崇明区城桥中学,560.5,309.5,93,122,113,否,未录满,
浦东新区,514010,上海民办民一中学,483.5,242.5,74,117,105,否,,
浦东新区,514004,上海市崇明区堡镇中学,559,308,108,117,120,否,,
浦东新区,514014,上海新纪元双语学校,480.5,259.5,92,122,85,否,,
嘉定区,,上海市嘉定区第一中学,688,402,141,,,,,
嘉定区,,上海交通大学附属中学嘉定分校,699,406.5,,,,,,
嘉定区,,上海师范大学附属中学嘉定新城分校,690.5,405.5,,,,,,
嘉定区,,上海市嘉定区第二中学,658.5,396.5,,,,,,
嘉定区,,上海市嘉定区嘉一实验高级中学,670.5,393.5,,,,,,
嘉定区,,上海师范大学附属嘉定高级中学,646,375,123,,,,,
嘉定区,,上海市嘉定区安亭高级中学,635,372.5,120,,,,,
嘉定区,,上海大学附属嘉定高级中学,624,358.5,,,,,,
嘉定区,,上海市嘉定区中光高级中学,611,351,,,,,,
嘉定区,,上海市嘉定区封浜高级中学,593.5,,,,,,,
嘉定区,,上海市民办远东学校,546.5,,,,,,,
嘉定区,,上海华旭双语学校,492.5,,,,,,未录满,
嘉定区,,上海嘉定区民办华盛怀少学校,505.5,,,,,,未录满,
嘉定区,,上海市同济黄浦设计创意中学,638.5,,,,,,,
嘉定区,,上海市上海中学,716.5,,,,,,,
嘉定区,,上海市久隆模范中学,/,,,,,,未录满,
嘉定区,,上海田家炳中学,658,388,,,,,,
嘉定区,,上海戏剧学院附属高级中学,588,,,,,,,
嘉定区,,上海安生学校,531.5,,,,,,,
嘉定区,,上海音乐学院附属安师实验中学,614.5,,,,,,,
嘉定区,,上海交通大学附属中学,717.5,,,,,,,
嘉定区,,复旦大学附属中学,718,,,,,,,
嘉定区,,上海圣华紫竹高级中学,510,,,,,,未录满,
嘉定区,,上海民办行中中学,542.5,,,,,,,
嘉定区,,上海存志高级中学,646,,,,,,,
嘉定区,,上海创艺高级中学,519,,,,,,未录满,
嘉定区,,上海市宝山华曜高级中学,638,,,,,,,
嘉定区,,上海市同洲模范学校,544,310,,,,,,
嘉定区,,上海金瑞学校,/,,,,,,未录满,
嘉定区,,上海宝山区世外学校,674,,,,,,,
嘉定区,,华东师范大学第二附属中学,716,,,,,,,
嘉定区,,上海师范大学附属中学,698.5,410.5,,,,,,
嘉定区,,上海市浦东新区民办浦实高级中学,543.5,,,,,,,
嘉定区,,上海市民办丰华高级中学,610,355,,,,,,
嘉定区,,民办上海工商外国语职业学院附属中学,578,,,,,,,
嘉定区,,上海浦东新区民办东鼎外国语学校,588,,,,,,,
嘉定区,,上海市民办尚德实验学校,634.5,,,,,,,
嘉定区,,上海市民办交大南洋中学,582.5,,,,,,,
嘉定区,,上海市民办永昌中学,509,,,,,,,
嘉定区,,上海金山区世外学校,653.5,,,,,,,
嘉定区,,上海市松江区科德高级中学,/,,,,,,未录满,
嘉定区,,上海市松江区励滕高级中学,/,,,,,,未录满,
嘉定区,,上海市西外外国语学校,588,336.5,,,,,,
嘉定区,,上海赫贤学校,572.5,,,,,,,
嘉定区,,上海松江区爱菊学校,648,,,,,,未录满,
嘉定区,,上海青浦区世外高级中学,591,,,,,,,
嘉定区,,2026年嘉定区统一招生录取“1至15志愿”,2026年嘉定区统一招生录取“ 1至15志愿”,2026年嘉定区统一招生录取“ 1至15志愿”,2026年嘉定区统一招生录取“ 1至15志愿”,,,,2026年嘉定区统一招生录取“ 1至15志愿”,
嘉定区,,高中学校投档分数线,高中学校投档分数线,高中学校投档分数线,高中学校投档分数线,,,,高中学校投档分数线,
嘉定区,,上海青浦区宏润博源高级中学,/,,,,,,未录满,
嘉定区,,上海青浦区协和双语学校,509.5,,,,,,未录满,
嘉定区,,上海美达菲双语高级中学,/,,,,,,未录满,
嘉定区,,上海奉贤区博华高级中学,578,,,,,,,
嘉定区,,上海市崇明区城桥中学,581,,,,,,,
嘉定区,,上海市崇明区堡镇中学,636,,,,,,,
嘉定区,,上海民办民一中学,529,,,,,,,
嘉定区,,上海新纪元双语学校,/,,,,,,未录满,
奉贤区,202001,上海市奉贤中学,690,406,138,126,143,否,,
奉贤区,202002,华东师范大学第二附属中学临港奉贤分校,682.5,401.5,129,130,134,否,,
奉贤区,012002,上海市格致中学,682,402,129,133,136,否,,
奉贤区,203002,华东理工大学附属奉贤曙光中学,659.5,385.5,125,121,131,否,,
奉贤区,204001,东华大学附属奉贤致远中学,637.5,371.5,128,113,131,否,,
奉贤区,204005,上海应用技术大学附属奉贤奉城高级中学,616.5,362.5,133,126,120,否,,
奉贤区,204006,上海师范大学第四附属中学,579,336,119,103,113,否,,
奉贤区,204008,上海市奉贤区景秀高级中学,591.5,345.5,103,116,110,否,,
奉贤区,204020,上海美达菲双语高级中学,506.5,259.5,102,106,114,否,未录满,
奉贤区,204021,上海奉贤区博华高级中学,507.5,282.5,57,119,88,否,,
奉贤区,042032,上海市上海中学,718,424,140,137,149,否,,
奉贤区,064020,上海田家炳中学,637.5,369.5,116,125,127,否,,
奉贤区,069004,上海戏剧学院附属高级中学,662.5,394,123,134,128,否,未录满,
奉贤区,074081,上海安生学校,,,,,,,未录满,
奉贤区,079016,上海音乐学院附属安师实验中学,630,378,120,123,118,否,,
奉贤区,102056,上海交通大学附属中学,713,428,146,137,144,否,,
奉贤区,102057,复旦大学附属中学,709.5,420.5,143,133,144,否,,
奉贤区,124109,上海市民办文绮中学,627,363,106,117,128,否,,
奉贤区,124118,上海圣华紫竹高级中学,513,280.5,67,120,96,否,未录满,
奉贤区,125119,上海闵行区民办德闳学校,,,,,,,未录满,
奉贤区,134010,上海民办行中中学,491,275.5,78,97,84,否,未录满,
奉贤区,134012,上海存志高级中学,649.5,370.5,118,115,139,否,,
奉贤区,134014,上海创艺高级中学,578.5,333.5,106,119,125,否,,
奉贤区,134015,上海市宝山华曜高级中学,506,276,96,99,95,否,未录满,
奉贤区,135001,上海市同洲模范学校,503,293.5,76,99,87,否,未录满,
奉贤区,145007,上海市民办远东学校,529,283,122,100,123,否,,
奉贤区,152003,华东师范大学第二附属中学,711,417,138,133,146,否,,
奉贤区,152006,上海师范大学附属中学,694.5,403.5,134,128,146,否,,
奉贤区,154039,上海市民办丰华高级中学,573.5,298.5,106,109,135,否,,
奉贤区,154048,民办上海工商外国语职业学院附属中学,568,321,100,111,111,否,,
奉贤区,155041,上海浦东新区民办东鼎外国语学校,578,333,93,118,111,否,,
奉贤区,155043,上海市民办尚德实验学校,619.5,356.5,111,123,125,否,,
奉贤区,164005,上海市民办交大南洋中学,523.5,312,101,110,87,否,,
奉贤区,164008,上海市民办永昌中学,565.5,318.5,103,114,110,否,,
奉贤区,165004,上海金山区世外学校,624,360,111,120,123,否,,
奉贤区,173005,上海市松江区励滕高级中学,,,,,,,未录满,
奉贤区,175018,上海市西外外国语学校,532.5,286.5,76,113,103,否,未录满,
奉贤区,175024,上海赫贤学校,629,369,113,119,123,否,,
奉贤区,175025,上海松江区爱菊学校,531,302,82,111,103,否,,
奉贤区,184006,上海青浦区世外高级中学,509,275,103,103,98,否,,
奉贤区,185014,上海青浦区协和双语学校,,,,,,,未录满,
奉贤区,201004,上海市奉贤中学附属南桥中学,657.5,383.5,111,128,130,否,,
奉贤区,514001,上海市崇明区城桥中学,559.5,328.5,88,107,104,否,,
奉贤区,514004,上海市崇明区堡镇中学,624,370,110,120,128,否,,
奉贤区,514010,上海民办民一中学,544,296,87,121,112,否,,
奉贤区,514014,上海新纪元双语学校,,,,,,,未录满,
宝山区,,华东师范大学第二附属中学宝山校区,704.5,,,,,,部分提取·头部校,
宝山区,,上海市行知中学,695.0,,,,,,部分提取·头部校,
宝山区,,上海师范大学附属中学宝山分校,691.0,,,,,,部分提取·头部校,
宝山区,,上海市吴淞中学,681.5,,,,,,部分提取·头部校,
宝山区,,上海大学附属中学,678.0,,,,,,部分提取·头部校,
宝山区,,上海师范大学附属罗店中学,659.5,,,,,,部分提取·头部校,
崇明区,42032,上海市上海中学,705.5,416.5,142,130,141,,,
崇明区,64020,上海田家炳中学,648.5,373.5,135,124,135,,,
崇明区,69004,上海戏剧学院附属高级中学,596,,,,,,无考生录取,
崇明区,74081,上海安生学校,,,,,,,无考生录取,
崇明区,79016,上海音乐学院附属安师实验中学,567,332,99,119,98,,,
崇明区,102056,上海交通大学附属中学,705,416,143,130,145,,,
崇明区,102057,复旦大学附属中学,711.5,422.5,139,140,143,,,
崇明区,134010,上海民办行中中学,487.5,281.5,98,105,82,,未录满,
崇明区,134012,上海存志高级中学,654.5,380.5,109,126,135,,,
崇明区,134014,上海创艺高级中学,,,,,,,无考生录取,
崇明区,134015,上海市宝山华曜高级中学,543.5,322.5,112,89,102,,未录满,
崇明区,152003,华东师范大学第二附属中学,704.5,419.5,143,132,140,,,
崇明区,154039,上海市民办丰华高级中学,,,,,,,无考生录取,
崇明区,155043,上海市民办尚德实验学校,643,365,138,119,136,,,
崇明区,173005,上海市松江区励滕高级中学,,,,,,,无考生录取,
崇明区,175018,上海市西外外国语学校,,,,,,,无考生录取,
崇明区,175024,上海赫贤学校,,,,,,,无考生录取,
崇明区,175025,上海松江区爱菊学校,,,,,,,无考生录取,
崇明区,185014,上海青浦区协和双语学校,,,,,,,无考生录取,
崇明区,204020,上海美达菲双语高级中学,,,,,,,无考生录取,
崇明区,512000,上海市崇明中学,655.5,395,132,126,125,,,
崇明区,512001,上海市实验学校东滩高级中学,661,391.5,131,120,127,,,
崇明区,513001,上海市崇明区民本中学,594,350.5,100,113,108,,,
崇明区,513009,上海市扬子中学,585,323,121,115,123,,,
崇明区,514001,上海市崇明区城桥中学,524.5,311.5,88,108,89,,,
崇明区,514004,上海市崇明区堡镇中学,522,285,98,104,102,,,
崇明区,514010,上海民办民一中学,441.5,228,40,100,82,,未录满,
崇明区,514013,上海市崇明区横沙中学,505,262,102,99,116,,,
崇明区,514014,上海新纪元双语学校,464.5,236.5,67,98,94,,未录满,
徐汇区,,上海市第二中学,689.5,402.5,133,124,149,否,,
徐汇区,,上海市第二中学,697,407,137,124,145,否,,
徐汇区,,上海市南洋模范中学,705,411,142,126,149,否,,
徐汇区,,上海市上海中学,716,424,149,129,144,否,,
徐汇区,,上海市位育中学,700,406,134,126,146,否,,
徐汇区,,复旦大学附属中学徐汇分校,711,426,141,139,144,否,,
徐汇区,,上海市南洋中学,685.5,400.5,138,122,141,否,,
徐汇区,,上海市民办西南高级中学,559,314.5,115,119,107,否,,
徐汇区,,上海市位育附属徐汇科技实验中学,690,402,132,125,140,否,,
徐汇区,,上海市中国中学,663.5,387.5,115,127,133,否,,
徐汇区,,上海市第五十四中学,644,367.5,108,125,133,否,,
徐汇区,,上海市徐汇中学,674,399.5,129,127,130,否,,
徐汇区,,上海市第四中学,653.5,382.5,119,125,130,否,,
徐汇区,,上海市零陵中学,638,371.5,117,119,126,否,,
徐汇区,,华东理工大学附属中学,628.5,356.5,113,119,133,否,,
徐汇区,,上海市西南位育中学,671,395,126,131,135,否,,
徐汇区,,上海市西南模范中学,613.5,364.5,104,121,119,否,,
徐汇区,,上海民办位育中学,658.5,384.5,117,122,133,否,,
徐汇区,,上海市紫竹园中学,607,344.5,109,118,122,否,,
徐汇区,,上海市徐汇区董恒甫高级中学,600,355,116,116,111,否,,
徐汇区,,上海交通大学附属中学,716,420,146,127,148,否,,
徐汇区,,复旦大学附属中学,715.5,422.5,141,134,147,否,,
徐汇区,,华东师范大学第二附属中学,715.5,423.5,146,131,146,否,,
徐汇区,,上海师范大学附属中学,701,414,134,133,143,否,,
徐汇区,,上海市同济黄浦设计创意中学,637,359,116,121,136,否,,
徐汇区,,上海市久隆模范中学,,,,,,,线上无人投档,
徐汇区,,上海市民办扬波中学,609.5,354.5,133,118,120,否,,
徐汇区,,上海市民办风范中学,552.5,322.5,108,106,97,否,,
徐汇区,,上海戏剧学院附属高级中学,615.5,355.5,117,108,118,否,,
徐汇区,,上海安生学校,539.5,299.5,71,117,107,否,未录满,
徐汇区,,上海音乐学院附属安师实验中学,643.5,366.5,115,119,132,否,未录满,
徐汇区,,上海市文来中学,671.5,390.5,131,125,139,否,,
徐汇区,,上海市民办燎原双语高级中学,618.5,359,107,118,123,否,,
徐汇区,,上海闵行区诺达双语学校,544.5,317.5,96,122,94,否,,
徐汇区,,上海闵行区民办德闳学校,541.5,337.5,78,118,79,否,,
徐汇区,,上海民办行中中学,508.5,272,80,83,110,否,,
徐汇区,,上海存志高级中学,632.5,368.5,119,111,123,否,,
徐汇区,,上海宝山区民办维尚高级中学,543.5,325,81,116,91,否,未录满,
徐汇区,,上海创艺高级中学,581.5,347.5,101,118,101,否,未录满,
徐汇区,,上海市宝山华曜高级中学,639,377,126,122,126,否,,
徐汇区,,上海市同洲模范学校,558,317,78,110,105,否,,
徐汇区,,上海金瑞学校,529.5,309.5,62,108,92,否,,
徐汇区,,上海市民办远东学校,549,303,107,114,106,否,,
徐汇区,,上海华旭双语学校,493,274,89,106,96,否,未录满,
徐汇区,,上海嘉定区民办华盛怀少学校,,,,,,,线上无人投档,
徐汇区,,上海市浦东新区民办浦实高级中学,620.5,367,104,126,109,否,,
徐汇区,,民办上海工商外国语职业学院附属中学,546.5,295.5,116,101,116,否,,
徐汇区,,上海市民办金苹果学校,545,319.5,88,102,107,否,,
徐汇区,,上海浦东新区民办东鼎外国语学校,576.5,329.5,100,102,116,否,,
徐汇区,,上海市民办尚德实验学校,631.5,371.5,114,129,116,否,,
徐汇区,,上海市民办交大南洋中学,573,311,87,110,128,否,,
徐汇区,,上海金山区世外学校,639.5,371.5,100,129,126,否,,
徐汇区,,上海市松江区科德高级中学,537.5,299,100,102,106,否,,
徐汇区,,上海市松江区励滕高级中学,,,,,,,线上无人投档,
徐汇区,,上海领科双语学校,646,375.5,125,119,135,否,,
徐汇区,,上海市西外外国语学校,563,330,101,120,97,否,,
徐汇区,,上海赫贤学校,528,289,72,105,108,否,未录满,
徐汇区,,上海松江区爱菊学校,610.5,353.5,98,119,118,否,,
徐汇区,,上海青浦区世外高级中学,649,383.5,120,120,133,否,,
徐汇区,,上海青浦区宏润博源高级中学,,,,,,,线上无人投档,
徐汇区,,上海宋庆龄学校,580,339.5,85,119,109,否,,
徐汇区,,上海青浦区协和双语学校,611,350.5,101,111,117,否,,
徐汇区,,上海美达菲双语高级中学,,,,,,,线上无人投档,
徐汇区,,上海奉贤区博华高级中学,540,292,97,108,108,否,,
徐汇区,,上海市崇明区城桥中学,513.5,291.5,88,106,98,否,未录满,
徐汇区,,上海市崇明区堡镇中学,548,303,95,115,107,否,,
徐汇区,,上海民办民一中学,472,254,49,109,91,否,,
徐汇区,,上海新纪元双语学校,517.5,304.5,71,112,82,否,未录满,
普陀区,073082,华东师范大学第二附属中学,708,415,145,128,146,否,,
普陀区,072002,上海市曹杨第二中学,700.5,408.5,131,134,145,否,,
普陀区,074085,上海市曹杨第二中学东校,698.5,412.5,132,142,141,否,,
普陀区,072001,上海市晋元高级中学,693.5,407.5,130,132,143,否,,
普陀区,074087,上海市晋元高级中学南校,692.5,403.5,136,127,144,否,,
普陀区,073003,上海市宜川中学,686,409,144,129,142,否,,
普陀区,073004,上海市曹杨中学,672,393,110,135,134,否,,
普陀区,074007,上海市甘泉外国语中学,661.5,391.5,130,124,131,否,,
普陀区,074005,同济大学第二附属中学,652.5,385.5,127,125,130,否,,
普陀区,074010,上海市长征中学,634.5,365,102,125,130,否,,
普陀区,074016,上海音乐学院附属安师实验中学,620.5,356.5,110,117,126,否,,
普陀区,079016,上海音乐学院附属安师实验中学,614,363,100,125,115,否,只招收经学校艺术特长测试合格的学生。,
普陀区,074207,上海市甘泉外国语中学,604,341,102,125,120,否,限招甘泉外国语中学初三德语班报考德语的应届学生。,
普陀区,074011,上海市桃浦中学,601,329,119,113,130,否,,
普陀区,074018,上海华东师范大学附属进华中学,590.5,345,105,113,105.5,否,,
普陀区,074407,上海市甘泉外国语中学,588.5,340.5,93,107,106,否,限招甘泉外国语中学初三西班牙语班报考西班牙语的应届学生。,
普陀区,074107,上海市甘泉外国语中学,584.5,327.5,105,116,119,否,限招甘泉外国语中学初三 日语班报考日语的应届学生。,
普陀区,074307,上海市甘泉外国语中学,571.5,335.5,90,115,103,否,限招甘泉外国语中学初三法语班报考法语的应届学生。,
普陀区,075013,上海培佳双语学校,570.5,340.5,91,113,100,否,,
普陀区,074081,上海安生学校,516.5,287,103,88,108,否,未招满,
普陀区,014006,上海市同济黄浦设计创意中学,652.5,370.5,124,116,141,否,,
普陀区,042032,上海市上海中学,718,428,142,138,143,否,,
普陀区,063008,上海市久隆模范中学,577.5,331.5,108,103,109,否,,
普陀区,064020,上海田家炳中学,661.5,385.5,119,122,135,否,,
普陀区,064021,上海市民办扬波中学,568.5,338,97,116,100,否,,
普陀区,064024,上海市民办风范中学,555,320,116,113,106,否,,
普陀区,069004,上海戏剧学院附属高级中学,621.5,362.5,110,128,118,否,只招收经学校艺术特长测试合格的学生。,
普陀区,102056,上海交通大学附属中学,719.5,423.5,142,133,147,否,,
普陀区,102057,复旦大学附属中学,718,423,147,129,148,否,,
普陀区,124116,上海市民办燎原双语高级中学,556.5,295.5,83,112,118,否,,
普陀区,125117,上海闵行区诺达双语学校,,,,,,,,
普陀区,125119,上海闵行区民办德闳学校,,,,,,,,
普陀区,134010,上海民办行中中学,484.5,248,73,104,108,否,未招满,
普陀区,134012,上海存志高级中学,645,375,108,127,130,否,,
普陀区,134013,上海宝山区民办维尚高级中学,510.5,294,70,120,94,否,未招满,
普陀区,134014,上海创艺高级中学,496,274,92,109,94,否,未招满,
普陀区,134015,上海市宝山华曜高级中学,611,345.5,115,112,122.5,否,,
普陀区,135001,上海市同洲模范学校,529,295.5,119,109,99,否,,
普陀区,135003,上海金瑞学校,,,,,,,,
普陀区,135034,上海宝山区世外学校,696,414,139,127,137,否,,
普陀区,145018,上海华旭双语学校,564,327.5,85,117,104,否,未招满,
普陀区,145030,上海嘉定区民办华盛怀少学校,,,,,,,,
普陀区,152003,华东师范大学第二附属中学,717,430,146,138,139,否,,
普陀区,152006,上海师范大学附属中学,700,418.5,147,127,137.5,否,,
普陀区,154033,上海市浦东新区民办浦实高级中学,,,,,,,,
普陀区,154039,上海市民办丰华高级中学,506,294.5,75,104,81,否,未招满,
普陀区,154048,民办上海工商外国语职业学院附属中学,520,280,125,98,105,否,,
普陀区,155013,上海市民办金苹果学校,501,267,89,106,107,否,未招满,
普陀区,155041,上海浦东新区民办东鼎外国语学校,493,281,85,94,92.5,否,,
普陀区,155043,上海市民办尚德实验学校,643,377,125,124,128,否,,
普陀区,164005,上海市民办交大南洋中学,511,273.5,99,98,103.5,否,,
普陀区,164008,上海市民办永昌中学,,,,,,,,
普陀区,165004,上海金山区世外学校,643,374,118,118,125,否,,
普陀区,173002,上海市松江区科德高级中学,554.5,313,88,112,107,否,未招满,
普陀区,173005,上海市松江区励滕高级中学,,,,,,,,
普陀区,174013,上海领科双语学校,598.5,345,101,105,115,否,,
普陀区,175018,上海市西外外国语学校,521.5,298,88,97,98,否,未招满,
普陀区,175024,上海赫贤学校,586,339,96,116,111,否,未招满,
普陀区,175025,上海松江区爱菊学校,640,374,114,117,127.5,否,,
普陀区,184006,上海青浦区世外高级中学,641.5,367.5,113,121,129,否,,
普陀区,184007,上海青浦区宏润博源高级中学,,,,,,,,
普陀区,185008,上海宋庆龄学校,668,398,121,137,124,否,,
普陀区,185014,上海青浦区协和双语学校,567.5,311,102,115,119,否,未招满,
普陀区,204020,上海美达菲双语高级中学,,,,,,,,
普陀区,514001,上海市崇明区城桥中学,551,307,106,110,111,否,未招满，  只招收经学校艺体特长测试合格的学生。,
普陀区,514004,上海市崇明区堡镇中学,590.5,349.5,96,124,99,否,,
普陀区,514010,上海民办民一中学,459,244.5,81,98,82,否,,
普陀区,514014,上海新纪元双语学校,,,,,,,,
杨浦区,,复旦大学附属中学,714,424,146,133,144,否,,
杨浦区,,上海交通大学附属中学,714,422,150,125,146,否,,
杨浦区,,华东师范大学第二附属中学,714,424,146,133,146,否,,
杨浦区,,上海市上海中学,715.5,422.5,146,133,149,否,,
杨浦区,,上海市控江中学,699.5,412,132,131,143,否,,
杨浦区,,上海市杨浦高级中学,691.5,407.5,144,123,139,否,,
杨浦区,,同济大学第一附属中学,686,397,136,123,144,否,,
杨浦区,,复旦大学第二附属中学,696,406,133,134,145,否,,
杨浦区,,上海理工大学附属中学,673.5,394.5,126,124,134,否,,
杨浦区,,上海市市东实验学校,663,382,115,131,136,否,,
杨浦区,,上海财经大学附属中学,650.5,387.5,124,129,123,否,,
杨浦区,,上海市复旦实验中学,640.5,373.5,124,119,132,否,,
杨浦区,,上海市同济中学,627,375,98,133,108,否,,
杨浦区,,上海市中原中学,610,349,104,117,122,否,,
杨浦区,,上海理工大学附属杨浦少云中学,593.5,331.5,104,106,122,否,,
杨浦区,,上海市民星中学,550.5,326.5,100,116,91,否,,
杨浦区,,上海体育大学附属中学,516.5,303.5,85,106,90,否,,
杨浦区,,上海市民办上实剑桥外国语中学,506,288,63,100,104,否,未录满,
杨浦区,,上海市同济黄浦设计创意中学,662,383.5,125,117,137,否,,
杨浦区,,上海市久隆模范中学,653,377,127,122,130,否,,
杨浦区,,上海田家炳中学,655.5,374.5,118,121,136,否,,
杨浦区,,上海市民办风范中学,534,293.5,100,90,111,否,未录满,
杨浦区,,上海戏剧学院附属高级中学,634,375,117,130,117,否,,
杨浦区,,上海音乐学院附属安师实验中学,620.5,358.5,108,117,120,否,,
杨浦区,,上海市民办燎原双语高级中学,605,348,91,119,113,否,,
杨浦区,,上海民办行中中学,506.5,278.5,81,112,81,否,,
杨浦区,,上海存志高级中学,653.5,382,124,121,132,否,,
杨浦区,,上海宝山区民办维尚高级中学,533,286,92,110,108,否,未录满,
杨浦区,,上海创艺高级中学,497,292.5,85,109,76,否,未录满,
杨浦区,,上海市宝山华曜高级中学,648,367,111,121,140,否,,
杨浦区,,上海市同洲模范学校,583.5,316,109,105,129,否,,
杨浦区,,上海宝山区世外学校,676,398,127,128,134,否,,
杨浦区,,上海市民办丰华高级中学,542,308,87,102,105,否,,
杨浦区,,民办上海工商外国语职业学院附属中学,550,312,80,117,102,否,未录满,
杨浦区,,上海市民办金苹果学校,609.5,347.5,99,109,120,否,,
杨浦区,,上海浦东新区民办东鼎外国语学校,596.5,347.5,96,113,114,否,,
杨浦区,,上海市民办尚德实验学校,657.5,386,121,122,133,否,,
杨浦区,,上海市民办交大南洋中学,507.5,276.5,82,107,95,否,未录满,
杨浦区,,上海金山区世外学校,643.5,371.5,110,126,135,否,,
杨浦区,,上海市松江九峰实验学校,652.5,378.5,125,119,134,否,,
杨浦区,,上海青浦区世外高级中学,627.5,360.5,118,106,125,否,,
杨浦区,,上海宋庆龄学校,631,376,129,115,118,否,,
杨浦区,,上海青浦区协和双语学校,626,369,102,126,117,否,未录满,
杨浦区,,上海奉贤区博华高级中学,541,290,100,112,111,否,未录满,
杨浦区,,上海市崇明区城桥中学,603.5,342.5,107,113,126,否,未录满,
杨浦区,,上海市崇明区堡镇中学,515,275,76,91,106,否,,
杨浦区,,上海民办民一中学,451,248,62,89,82,否,未录满,
杨浦区,,上海安生学校,,,,,,,,
杨浦区,,上海金瑞学校,,,,,,,,
杨浦区,,上海市民办远东学校,,,,,,,,
杨浦区,,上海华旭双语学校,,,,,,,,
杨浦区,,上海嘉定区民办华盛怀少学校,,,,,,,,
杨浦区,,上海市民办永昌中学,,,,,,,,
杨浦区,,上海市西外外国语学校,,,,,,,,
杨浦区,,上海青浦区宏润博源高级中学,,,,,,,,
杨浦区,,上海美达菲双语高级中学,,,,,,,,
松江区,42032,上海市上海中学,717.5,426.5,146,137,145,否,,
松江区,64020,上海田家炳中学,637,373,117,123,126,否,,
松江区,69004,上海戏剧学院附属高级中学,635.5,367.5,117,111,128,否,,
松江区,74081,上海安生学校,517.5,302,95,101,89,否,,
松江区,79016,上海音乐学院附属安师实验中学,648,378,129,112,132,否,,
松江区,102056,上海交通大学附属中学,717.5,422.5,145,131,146,否,,
松江区,102057,复旦大学附属中学,716,424,146,129,142,否,,
松江区,124108,上海市文来中学,648,372,121,117,134,否,,
松江区,124109,上海市民办文绮中学,634.5,379.5,129,117,118,否,,
松江区,124116,上海市民办燎原双语高级中学,606.5,352.5,111,116,114,否,,
松江区,124118,上海圣华紫竹高级中学,控分线上无人录取,控分线上无人录取,控分线上无人录取,控分线上无人录取,控分线上无人录取,控分线上无人录取,未录满,
松江区,125119,上海闵行区民办德闳学校,516.5,295.5,87,111,92,否,,
松江区,134010,上海民办行中中学,488.5,258,77,104,107,否,未录满,
松江区,134012,上海存志高级中学,628.5,352,109,120,130,否,,
松江区,134013,上海宝山区民办维尚高级中学,控分线上无人录取,控分线上无人录取,控分线上无人录取,控分线上无人录取,控分线上无人录取,控分线上无人录取,未录满,
松江区,134014,上海创艺高级中学,510.5,289.5,84,111,89,否,,
松江区,134015,上海市宝山华曜高级中学,582.5,324.5,106,112,123,否,,
松江区,135001,上海市同洲模范学校,541.5,299.5,108,115,112,否,,
松江区,135003,上海金瑞学校,控分线上无人录取,控分线上无人录取,控分线上无人录取,控分线上无人录取,控分线上无人录取,控分线上无人录取,未录满,
松江区,135034,上海宝山区世外学校,684.5,399,142,119,142,否,,
松江区,145007,上海市民办远东学校,579,331.5,99,116,110,否,,
松江区,145018,上海华旭双语学校,控分线上无人录取,控分线上无人录取,控分线上无人录取,控分线上无人录取,控分线上无人录取,控分线上无人录取,未录满,
松江区,145030,上海嘉定区民办华盛怀少学校,502,268,61,106,99,否,未录满,
松江区,152003,华东师范大学第二附属中学,716,421,146,131,149,否,,
松江区,152006,上海师范大学附属中学,700.5,410.5,138,126,145,否,,
松江区,154033,上海市浦东新区民办浦实高级中学,567,327,106,118,108,否,,
松江区,154039,上海市民办丰华高级中学,580.5,323.5,95,113,113,否,,
松江区,154048,民办上海工商外国语职业学院附属中学,582,335.5,102,114,111,否,,
松江区,155041,上海浦东新区民办东鼎外国语学校,568,319,105,101,118,否,,
松江区,155043,上海市民办尚德实验学校,612.5,355.5,106,117,117,否,,
松江区,164005,上海市民办交大南洋中学,543.5,312.5,87,116,101,否,,
松江区,164008,上海市民办永昌中学,516.5,258.5,94,111,122,否,未录满,
松江区,165004,上海金山区世外学校,629,357,113,119,134,否,,
松江区,172001,上海市松江二中,696,410,150,125,144,否,,
松江区,172002,华东师范大学第二附属中学松江分校,702.5,414.5,147,126,142,否,,
松江区,172003,华东政法大学附属松江高级中学,672,396,135,121,136,否,,
松江区,172004,上海师范大学附属中学松江分校,689.5,407.5,142,123,139,否,,
松江区,173001,上海市松江一中,685.5,407.5,141,130,136,否,,
松江区,173002,上海市松江区科德高级中学,509,269,86,109,109,否,未录满,
松江区,173003,东华大学附属松江高级中学,651,376.5,103,135,131,否,,
松江区,173004,上海对外经贸大学附属松江高级中学,650.5,379,108,126,133,否,,
松江区,173005,上海市松江区励滕高级中学,508.5,282.5,79,112,90,否,未录满,
松江区,173006,上海市松江区弘毅南洋高级中学,501,265.5,67,114,105,否,未录满,
松江区,174001,上海市松江区立达中学,609,359,115,113,114,否,,
松江区,174002,上海市松江区第四中学,585,332,110,113,121,否,,
松江区,174003,上海外国语大学附属外国语学校松江云间中学,692,401,125,129,146,否,,
松江区,174007,上海市松江区民办茸一中学,624.5,357,110,120,131,否,,
松江区,174008,上海市松江九峰实验学校,640,375.5,103,125,122,否,,
松江区,174009,上海师范大学附属外国语中学,655.5,385.5,122,120,129,否,,
松江区,174013,上海领科双语学校,621,364,104,125,121,否,,
松江区,174016,华东师范大学松江实验高级中学,631,367.5,110,119,122,否,,
松江区,175018,上海市西外外国语学校,546,298.5,88,127,114,否,,
松江区,175024,上海赫贤学校,503,250,64,117,114,否,未录满,
松江区,175025,上海松江区爱菊学校,501.5,286.5,92,108,86,否,未录满,
松江区,184006,上海青浦区世外高级中学,627.5,372,118,120,116,否,,
松江区,184007,上海青浦区宏润博源高级中学,控分线上无人录取,控分线上无人录取,控分线上无人录取,控分线上无人录取,控分线上无人录取,控分线上无人录取,未录满,
松江区,185008,上海宋庆龄学校,645,367,108,120,135,否,,
松江区,185014,上海青浦区协和双语学校,506.5,293,84,111,86,否,,
松江区,204020,上海美达菲双语高级中学,523,290.5,84,107,100,否,未录满,
松江区,204021,上海奉贤区博华高级中学,556.5,316.5,72,118,102,否,,
松江区,514001,上海市崇明区城桥中学,控分线上无人录取,控分线上无人录取,控分线上无人录取,控分线上无人录取,控分线上无人录取,控分线上无人录取,未录满,
松江区,514004,上海市崇明区堡镇中学,584.5,347.5,90,116,104,否,,
松江区,514010,上海民办民一中学,524,300,84,112,95,否,,
松江区,514014,上海新纪元双语学校,493,270,84,112,87,否,未录满,
虹口区,,同济创意,628,360.5,92,128,125,否,,
虹口区,,上海市上海中学,716.5,424.5,143,133,146,否,,
虹口区,,上海田家炳中学,653,381,127,125,133,否,,
虹口区,,上海市民办扬波中学,584,345,108,120,106,否,,
虹口区,,上海市民办风范中学,580,331.5,100,108,106,否,,
虹口区,,上戏附中,556.5,312,84,121,108,否,,
虹口区,,上海安生学校,558,306,78,116,116,否,,
虹口区,,上音安师,687.5,406.5,142,127,136,否,,
虹口区,,复旦复兴,693.5,412.5,133,131,140,否,,
虹口区,,师大一附,682.5,399.5,126,127,137,否,,
虹口区,,上财北郊,677.5,392.5,133,114,139,否,,
虹口区,,上音北虹,640.5,369.5,116,125,130,否,,
虹口区,,继光高级,588,344.5,87,122,110,否,,
虹口区,,鲁迅中学,628.5,366.5,119,121,124,否,,
虹口区,,五十二中,534,294,109,109,102,否,,
虹口区,,上师虹口,654,387,116,126,128,否,,
虹口区,,同济澄衷,612,355,98,119,115,否,,
虹口区,,上海市交大附中,713.5,422.5,150,124,143,否,,
虹口区,,上海市复旦附中,714.5,421.5,143,131,146,否,,
虹口区,,上海民办行中中学,537,313,85,114,88,否,,
虹口区,,上海存志高级中学,668.5,400.5,133,128,126,否,,
虹口区,,上海创艺高级中学,581,328.5,101,105,119,否,,
虹口区,,华曜高级,639,363.5,106,118,138,否,,
虹口区,,上海市同洲模范学校,588,343.5,118,112,113,否,,
虹口区,,宝山世外,681.5,394.5,136,117,142,否,,
虹口区,,远东学校,560.5,319,101,106,102,否,,
虹口区,,师大二附,712.5,426.5,150,130,139,否,,
虹口区,,上海市民办丰华高级中学,581.5,346.5,99,116,100,否,,
虹口区,,上海市民办金苹果学校,576.5,331.5,88,105,114,否,,
虹口区,,东鼎外语,606.5,333,120,99,131,否,,
虹口区,,尚德实验,641.5,369.5,120,113,133,否,,
虹口区,,上海市民办交大南洋中学,568,320.5,92,106,118,否,,
虹口区,,上海市民办永昌中学,547.5,280.5,105,106,131,否,,
虹口区,,金山世外,662,383,112,129,136,否,,
虹口区,,领科双语,678.5,389,130,121,143,否,,
虹口区,,西外外语,563,345.5,104,118,88,否,,
虹口区,,上海赫贤学校,580,328,87,113,108,否,,
虹口区,,青浦世外,628.5,370.5,128,116,120,否,,
虹口区,,上海宋庆龄学校,526.5,301.5,61,118,95,否,,
虹口区,,协和双语,588,336.5,91,106,116,否,,
虹口区,,美达菲,533.5,308.5,93,111,92,否,,
虹口区,,博华高级,560,307.5,124,114,115,否,,
虹口区,,城桥中学,571.5,330.5,97,123,112,否,未招满,
虹口区,,上海民办民一中学,512,289.5,71,90,91,否,,
虹口区,,上海市久隆模范中学,,,,,,,,
虹口区,,维尚高级,,,,,,,,
虹口区,,上海金瑞学校,,,,,,,,
虹口区,,华旭双语,,,,,,,,
虹口区,,华盛怀少,,,,,,,,
虹口区,,宏润博源,,,,,,,,
金山区,042032,上海市上海中学,716,423,148,129,147,否,,
金山区,064020,上海田家炳中学,644,375,132,130,131,否,,
金山区,069004,上海戏剧学院附属高级中学,622.5,354.5,109,122,127,否,,
金山区,074081,上海安生学校,,,,,,,线上无生源,
金山区,102056,上海交通大学附属中学,715.5,420.5,144,129,148,否,,
金山区,102057,复旦大学附属中学,717,429,146,139,143,否,,
金山区,124109,上海市民办文绮中学,640.5,364.5,115,113,132,否,,
金山区,124118,上海圣华紫竹高级中学,,,,,,,线上无生源,
金山区,134010,上海民办行中中学,486,274,81,108,93.5,否,未录满,
金山区,134012,上海存志高级中学,617,367,108,124,109,否,,
金山区,134013,上海宝山区民办维尚高级中学,,,,,,,线上无生源,
金山区,134014,上海创艺高级中学,546,311.5,100,116,104,否,,
金山区,134015,上海市宝山华曜高级中学,547.5,324.5,105,113,98,否,未录满,
金山区,135034,上海宝山区世外学校,661.5,380,131,113,141,否,,
金山区,145030,上海嘉定区民办华盛怀少学校,,,,,,,线上无生源,
金山区,152003,华东师范大学第二附属中学,715,424,150,130,144,否,,
金山区,152006,上海师范大学附属中学,711.5,422.5,149,129,142,否,,
金山区,155041,上海浦东新区民办东鼎外国语学校,,,,,,,线上无生源,
金山区,155043,上海市民办尚德实验学校,639.5,364.5,113,123,132,否,,
金山区,162000,上海市金山中学,685.5,406.5,136,128,136,否,,
金山区,163000,上海市张堰中学,642.5,382.5,117,125,117,否,,
金山区,163001,上海师范大学第二附属中学,617,350,96,119,125,否,,
金山区,163002,华东师范大学第三附属中学,665,392,122,130,133,否,,
金山区,164000,华东师范大学附属枫泾中学,590,344,96,118,105,否,,
金山区,164002,上海体育大学附属金山亭林中学,555,299.5,87,117,123,否,,
金山区,164005,上海市民办交大南洋中学,510.5,267.5,89,111,106,否,,
金山区,164008,上海市民办永昌中学,501,263,77,111,101,否,未录满,
金山区,165004,上海金山区世外学校,649.5,377.5,115,122,124,否,,
金山区,165009,华东师范大学第二附属中学金山实验学校,675.5,397.5,139,118,138,否,,
金山区,173005,上海市松江区励滕高级中学,,,,,,,线上无生源,
金山区,175018,上海市西外外国语学校,563.5,313,76,115,108,否,,
金山区,175024,上海赫贤学校,,,,,,,线上无生源,
金山区,175025,上海松江区爱菊学校,,,,,,,线上无生源,
金山区,184006,上海青浦区世外高级中学,592.5,333.5,82,108,124,否,,
金山区,185014,上海青浦区协和双语学校,,,,,,,线上无生源,
金山区,204020,上海美达菲双语高级中学,,,,,,,线上无生源,
金山区,204021,上海奉贤区博华高级中学,547.5,299.5,99,110,118,否,,
金山区,514001,上海市崇明区城桥中学,,,,,,,线上无生源,
金山区,514004,上海市崇明区堡镇中学,564.5,341.5,96,113,89,否,,
金山区,514010,上海民办民一中学,452,257,64,102,75,否,未录满,
长宁区,052001,上海市第三女子中学,685.5,,,,,否,,
长宁区,052002,上海市延安中学,694,415,144,124,139,否,,
长宁区,053003,华东师范大学附属天山学校,662.5,,,,,否,,
长宁区,053004,上海市复旦中学,690,404,133,129,142,否,,
长宁区,053005,上海市建青实验学校,653,387,117,126,131,否,,
长宁区,054010,上海市西郊学校,616,363,111,125,116,否,,
长宁区,054013,华东政法大学附属中学,645,385,124,117,119,否,,
长宁区,054030,上海市仙霞高级中学,635.5,362.5,98,126,129,否,,
长宁区,054043,上海市民办新虹桥中学,503,,,,,否,未招满,
长宁区,014006,上海市同济黄浦设计创意中学,649,,,,,否,,
长宁区,042032,上海市上海中学,713.5,,,,,否,,
长宁区,044083,上海市民办西南高级中学,630,,,,,否,,
长宁区,063008,上海市久隆模范中学,597,,,,,否,,
长宁区,069004,上海戏剧学院附属高级中学（艺术,,,,,,,,
长宁区,616,,,,,否,,,,
长宁区,074081,上海安生学校,591,,,,,否,,
长宁区,079016,上海音乐学院附属安师实验中学,,,,,,,,
长宁区,598,,,,,否,,,,
长宁区,102056,上海交通大学附属中学,714.5,,,,,否,,
长宁区,102057,复旦大学附属中学,715,,,,,否,,
长宁区,124116,上海市民办燎原双语高级中学,607.5,,,,,否,,
长宁区,125117,上海闵行区诺达双语学校,599.5,,,,,否,未招满,
长宁区,125119,上海闵行区民办德闳学校,,,,,,,,
长宁区,134010,上海民办行中中学,531.5,,,,,否,,
长宁区,134012,上海存志高级中学,650,,,,,否,,
长宁区,134013,上海宝山区民办维尚高级中学,,,,,,,,
长宁区,134014,上海创艺高级中学,546.5,,,,,否,,
长宁区,134015,上海市宝山华曜高级中学,609.5,,,,,否,,
长宁区,135001,上海市同洲模范学校,607.5,,,,,否,,
长宁区,135003,上海金瑞学校,590.5,,,,,否,,
长宁区,135034,上海宝山区世外学校,687.5,,,,,否,,
长宁区,145007,上海市民办远东学校,602.5,340,136,109,124,否,,
长宁区,145018,上海华旭双语学校,,,,,,,,
长宁区,145030,上海嘉定区民办华盛怀少学校,,,,,,,,
长宁区,152003,华东师范大学第二附属中学,712.5,,,,,否,,
长宁区,152006,上海师范大学附属中学,702.5,,,,,否,,
长宁区,154039,上海市民办丰华高级中学,610,,,,,否,,
长宁区,154048,民办上海工商外国语职业学院附属中学,597,,,,,否,,
长宁区,155013,上海市民办金苹果学校,602,,,,,否,,
长宁区,155041,上海浦东新区民办东鼎外国语学校,598,,,,,否,,
长宁区,155043,上海市民办尚德实验学校,644.5,,,,,否,,
长宁区,164005,上海市民办交大南洋中学,591,355,109,110,102,否,,
长宁区,164008,上海市民办永昌中学,575,,,,,否,未招满,
长宁区,165004,上海金山区世外学校,652.5,,,,,否,,
长宁区,173002,上海市松江区科德高级中学,601.5,,,,,否,未招满,
长宁区,173005,上海市松江区励滕高级中学,,,,,,,,
长宁区,174013,上海领科双语学校,617,,,,,否,,
长宁区,175018,上海市西外外国语学校,540.5,,,,,否,,
长宁区,175024,上海赫贤学校,543,,,,,否,,
长宁区,175025,上海松江区爱菊学校,635,,,,,否,未招满,
长宁区,184006,上海青浦区世外高级中学,611.5,,,,,否,,
长宁区,184007,上海青浦区宏润博源高级中学,,,,,,,,
长宁区,185008,上海宋庆龄学校,670,,,,,否,,
长宁区,185014,上海青浦区协和双语学校,535,,,,,否,,
长宁区,204020,上海美达菲双语高级中学,,,,,,,,
长宁区,204021,上海奉贤区博华高级中学,601.5,,,,,否,,
长宁区,514001,上海市崇明区城桥中学,547,,,,,否,,
长宁区,514004,上海市崇明区堡镇中学,612.5,,,,,否,,
长宁区,514010,上海民办民一中学,477,,,,,否,,
闵行区,012006,上海市向明中学,696.0,411.0,143.0,128.0,143.0,,,
闵行区,014006,上海市同济黄浦设计创意中学,646.0,377.0,112.0,127.0,128.0,,,
闵行区,042002,上海市第二中学,698.5,409.5,143.0,125.0,142.0,,,
闵行区,042032,上海市上海中学,718.0,424.0,142.0,134.0,148.0,,,
闵行区,044083,上海市民办西南高级中学,633.0,370.0,112.0,118.0,121.0,,,
闵行区,063008,上海市久隆模范中学,615.0,356.0,106.0,123.0,117.0,,,
闵行区,064020,上海田家炳中学,650.0,376.5,126.0,123.0,136.0,,,
闵行区,069004,上海戏剧学院附属高级中学,617.0,353.0,109.0,124.0,120.0,,,
闵行区,074081,上海安生学校,502.5,283.5,80.0,110.0,97.0,,未招满,
闵行区,079016,上海音乐学院附属安师实验中学,607.5,357.5,109.0,116.0,112.0,,,
闵行区,102056,上海交通大学附属中学,718.0,420.0,144.0,129.0,149.0,,,
闵行区,102057,复旦大学附属中学,717.5,424.5,150.0,130.0,146.0,,,
闵行区,122001,上海市七宝中学,705.0,415.0,144.0,127.0,146.0,,,
闵行区,122002,华东师范大学第二附属中学闵行紫竹分校,702.5,408.5,133.0,129.0,145.0,,,
闵行区,122003,上海师范大学附属中学闵行分校,699.5,410.0,142.0,124.0,144.0,,,
闵行区,122004,上海交通大学附属中学闵行分校,704.5,419.5,143.0,129.0,139.0,,,
闵行区,123001,上海市闵行中学,694.0,401.0,125.0,133.0,147.0,,,
闵行区,123002,上海市莘庄中学,679.0,397.0,129.0,122.0,135.0,,,
闵行区,123003,上海外国语大学闵行外国语中学,688.5,403.5,141.0,124.0,144.0,,,
闵行区,124005,华东理工大学附属闵行科技高级中学,661.0,382.5,131.0,115.0,139.0,,,
闵行区,124006,上海市闵行第三中学,666.5,,,,,,,
闵行区,124011,上海市七宝中学附属鑫都实验中学,677.0,398.0,125.0,128.0,135.0,,,
闵行区,124012,上海市闵行中学东校,654.0,377.0,118.0,122.0,136.0,,,
闵行区,124013,上海市闵行区实验高级中学,639.5,,,,,,,
闵行区,124015,上海市七宝中学浦江分校,673.5,393.5,129.0,126.0,138.0,,,
闵行区,124019,上海中医药大学附属浦江高级中学,620.0,357.5,94.0,125.0,125.0,,,
闵行区,124020,上海市金汇高级中学,614.5,345.5,113.0,115.0,127.0,,,
闵行区,124022,北京外国语大学附属上海闵行田园高级中学,652.0,372.0,115.0,122.0,135.0,,,
闵行区,124024,上海市古美高级中学,634.0,374.0,123.0,119.0,118.0,,,
闵行区,124108,上海市文来中学,665.0,385.0,116.0,127.0,132.0,,,
闵行区,124109,上海市民办文绮中学,623.5,355.0,113.0,122.0,131.0,,,
闵行区,124114,上海市闵行区教育学院附属中学,607.0,371.5,123.0,118.0,100.0,,,
闵行区,124115,上海闵行区协和双语教科学校,598.5,359.5,100.0,126.0,101.0,,,
闵行区,124116,上海市民办燎原双语高级中学,596.5,337.5,92.0,109.0,121.0,,,
闵行区,124117,上海闵行区诺美高级中学,508.0,295.0,77.0,120.0,79.0,,未招满,
闵行区,124118,上海圣华紫竹高级中学,509.0,293.0,71.0,116.0,84.0,,未招满,
闵行区,125008,上海交通大学附属闵行实验学校,680.0,401.0,124.0,130.0,134.0,,,
闵行区,125028,华东师范大学附属闵行永德学校,645.5,374.5,130.0,124.0,133.0,,,
闵行区,125115,上海闵行区万科双语学校,558.0,323.5,94.0,121.0,104.0,,,
闵行区,125117,上海闵行区诺达双语学校,509.5,318.0,87.0,94.0,84.0,,未招满,
闵行区,125119,上海闵行区民办德闳学校,507.5,304.5,94.0,100.0,75.0,,未招满,
闵行区,134010,上海民办行中中学,486.5,282.0,82.0,105.0,83.0,,,
闵行区,134012,上海存志高级中学,621.0,355.0,110.0,115.0,124.0,,,
闵行区,134013,上海宝山区民办维尚高级中学,501,,,,,,未招满,
闵行区,134014,上海创艺高级中学,488.0,293.0,79.0,100.0,65.0,,未招满,
闵行区,134015,上海市宝山华曜高级中学,576.5,332.0,97.0,107.0,105.0,,,
闵行区,135001,上海市同洲模范学校,569.5,308.0,96.0,112.0,123.0,,,
闵行区,135003,上海金瑞学校,506.0,277.0,115.0,108.0,96.0,,未招满,
闵行区,135034,上海宝山区世外学校,685.5,399.5,127.0,128.0,142.0,,,
闵行区,145007,上海市民办远东学校,592.5,366.5,103.0,121.0,92.0,,,
闵行区,145018,上海华旭双语学校,549.0,310.5,105.0,109.0,111.0,,未招满,
闵行区,145030,上海嘉定区民办华盛怀少学校,501,,,,,,未招满,
闵行区,152003,华东师范大学第二附属中学,717.5,425.0,147.0,133.0,149.0,,,
闵行区,152006,上海师范大学附属中学,702.0,416.0,146.0,122.0,145.0,,,
闵行区,154033,上海市浦东新区民办浦实高级中学,560.5,309.5,101.0,121.0,112.0,,,
闵行区,154039,上海市民办丰华高级中学,594.0,332.0,107.0,109.0,123.0,,,
闵行区,154048,民办上海工商外国语职业学院附属中学,588.0,342.5,120.0,110.0,117.0,,,
闵行区,155013,上海市民办金苹果学校,561.5,303.0,96.0,117.0,122.0,,,
闵行区,155041,上海浦东新区民办东鼎外国语学校,570.0,322.0,77.0,112.0,110.0,,,
闵行区,155043,上海市民办尚德实验学校,633.5,372.5,126.0,107.0,131.0,,,
闵行区,164005,上海市民办交大南洋中学,579.0,330.0,87.0,109.0,106.0,,,
闵行区,164008,上海市民办永昌中学,501.5,269.5,74.0,112.0,92.0,,未招满,
闵行区,165004,上海金山区世外学校,636.5,363.0,114.0,113.0,130.0,,,
闵行区,173002,上海市松江区科德高级中学,544.5,322.5,104.0,90.0,94.0,,未招满,
闵行区,173005,上海市松江区励滕高级中学,501,,,,,,未招满,
闵行区,174008,上海市松江九峰实验学校,653.5,382.5,116.0,130.0,128.0,,,
闵行区,174013,上海领科双语学校,603.0,355.0,99.0,123.0,113.0,,,
闵行区,175018,上海市西外外国语学校,569.0,332.0,84.0,125.0,99.0,,,
闵行区,175024,上海赫贤学校,532.5,289.5,104.0,97.0,106.0,,未招满,
闵行区,175025,上海松江区爱菊学校,632.0,362.5,100.0,125.0,132.0,,,
闵行区,184006,上海青浦区世外高级中学,507.0,271.0,68.0,79.0,100.0,,未招满,
闵行区,184007,上海青浦区宏润博源高级中学,500.5,287.0,76.0,122.0,82.0,,未招满,
闵行区,185008,上海宋庆龄学校,626.5,375.5,132.0,113.0,119.0,,,
闵行区,185014,上海青浦区协和双语学校,515.0,288.0,95.0,108.0,94.0,,未招满,
闵行区,204020,上海美达菲双语高级中学,514.5,270.0,105.0,99.0,107.0,,未招满,
闵行区,204021,上海奉贤区博华高级中学,578.0,339.0,95.0,120.0,103.0,,,
闵行区,514001,上海市崇明区城桥中学,554.5,317.0,90.0,121.0,103.0,,,
闵行区,514004,上海市崇明区堡镇中学,607.0,354.0,103.0,114.0,119.0,,,
闵行区,514010,上海民办民一中学,490.0,257.0,91.0,121.0,101.0,,,
闵行区,514014,上海新纪元双语学校,468.0,272.5,69.0,80.0,97.0,,未招满,
青浦区,,上海市上海中学,718.5,426.5,147,137,144,否,,
青浦区,,上海田家炳中学,639.0,366.0,120,116,131,否,,
青浦区,,上海戏剧学院附属高级中学,609.5,354.5,100,116,116,否,,
青浦区,,上海安生学校,,,,,,,未录满,
青浦区,,上海音乐学院附属安师实验中学,631.0,375.0,116,120,112,否,,
青浦区,,上海交通大学附属中学,716.5,422.5,148,127,145,否,,
青浦区,,复旦大学附属中学,715.5,422.5,143,131,147,否,,
青浦区,,上海市民办燎原双语高级中学,574.5,347.0,94,116,92,否,,
青浦区,,上海圣华紫竹高级中学,,,,,,,未录满,
青浦区,,上海闵行区诺达双语学校,,,,,,,未录满,
青浦区,,上海民办行中中学,480.0,253.0,94,109,97,否,未录满,
青浦区,,上海存志高级中学,641.5,373.5,113,121,128,否,,
青浦区,,上海创艺高级中学,586.0,347.5,89,130,99.5,否,未录满,
青浦区,,上海市宝山华曜高级中学,514.0,299.0,90,91,81,否,未录满,
青浦区,,上海市同洲模范学校,503.5,285.0,81,111,91,否,未录满,
青浦区,,上海金瑞学校,,,,,,,未录满,
青浦区,,上海宝山区世外学校,681.0,399.0,126,126,137,否,,
青浦区,,上海市民办远东学校,529.0,298.0,109,99,97,否,,
青浦区,,上海华旭双语学校,,,,,,,未录满,
青浦区,,上海嘉定区民办华盛怀少学校,,,,,,,未录满,
青浦区,,华东师范大学第二附属中学,715.0,424.0,143,135,146,否,,
青浦区,,上海师范大学附属中学,695.5,404.5,135,128,143,否,,
青浦区,,上海市浦东新区民办浦实高级中学,527.5,285.5,87,113,112,否,未录满,
青浦区,,上海市民办丰华高级中学,538.0,272.0,87,99,126,否,,
青浦区,,民办上海工商外国语职业学院附属中学,552.0,315.5,93,119,104,否,,
青浦区,,上海浦东新区民办东鼎外国语学校,579.5,339.5,107,109,104,否,,
青浦区,,上海市民办尚德实验学校,586.5,343.5,96,119,113,否,,
青浦区,,上海市民办交大南洋中学,538.0,303.0,67,125,102,否,,
青浦区,,上海市民办永昌中学,527.5,304.5,67,110,95,否,未录满,
青浦区,,上海金山区世外学校,630.5,375.5,115,124,115,否,,
青浦区,,上海市松江区科德高级中学,526.0,289.5,94,113,113,否,未录满,
青浦区,,上海市松江区励滕高级中学,,,,,,,未录满,
青浦区,,上海市松江九峰实验学校,646.5,399.0,139,122,115,否,,
青浦区,,上海领科双语学校,657.0,380.0,123,118,135,否,未录满,
青浦区,,上海市西外外国语学校,501.0,274.0,75,86,96,否,未录满,
青浦区,,上海赫贤学校,,,,,,,未录满,
青浦区,,上海松江区爱菊学校,506.0,303.5,80,110,78,否,未录满,
青浦区,,上海师范大学附属青浦实验中学,626.5,360.5,119,125,127,否,,
青浦区,,上海市青浦高级中学,671.5,395.0,133,118,131,否,,
青浦区,,复旦大学附属中学青浦分校,695.0,412.0,137,129,138,否,,
青浦区,,上海市朱家角中学,655.5,379.5,117,119,133,否,,
青浦区,,上海市青浦区第二中学,555.5,322.5,93,106,100,否,,
青浦区,,上海市青浦区东湖中学,599.0,365.0,112,123,92,否,,
青浦区,,上海市青浦区第一中学,632.0,377.0,125,120,117,否,,
青浦区,,上海青浦区世外高级中学,545.0,294.0,90,113,110,否,未录满,
青浦区,,上海青浦区宏润博源高级中学,493.5,280.5,88,105,86,否,未录满,
青浦区,,上海宋庆龄学校,614.5,358.5,101,112,118,否,,
青浦区,,上海青浦区协和双语学校,530.5,304.5,95,102,94,否,未录满,
青浦区,,上海美达菲双语高级中学,529.5,295.5,83,113,102,否,未录满,
青浦区,,上海奉贤区博华高级中学,507.5,277.5,93,91,99,否,,
青浦区,,上海市崇明区城桥中学,574.5,325.5,100,114,110,否,,
青浦区,,上海市崇明区堡镇中学,579.0,323.0,98,119,116,否,,
青浦区,,上海民办民一中学,451.5,227.5,105,88,95,否,,
青浦区,,上海新纪元双语学校,,,,,,,未录满,
静安区,,上海市市西中学,697,409,135,126,143,否,,
静安区,,上海市育才中学,684.5,403.5,137,125,140,否,,
静安区,,上海市新中高级中学,679.5,390,127,123,144,否,,
静安区,,上海市市北中学,690,408.5,140,122,140,否,,
静安区,,上海市回民中学,618,359,99,122,119,否,,
静安区,,上海市民立中学,650,383,116,124,124,否,,
静安区,,上海市第一中学,622.5,367.5,103,127,116,否,,
静安区,,上海市风华中学,663.5,389.5,130,119,132,否,,
静安区,,上海市第六十中学,650,380,125,114,131,否,,
静安区,,上海市彭浦中学,636.5,364,124,119,131,否,,
静安区,,上海市久隆模范中学,635.5,366.5,114,120,130,否,,
静安区,,上海市久隆模范中学,661.5,396,128,127,128,否,,
静安区,,上海市闸北第八中学,608.5,356.5,110,125,116,否,,
静安区,,上海市华东模范中学,638,370.5,101,127,127,否,,
静安区,,同济大学附属七一中学,603,335,100,121,125,否,,
静安区,,上海戏剧学院附属高级中学,598,353,96,125,104,否,,
静安区,,上海戏剧学院附属高级中学,626,353,102,119,135,否,,
静安区,,上海市向东中学,586.5,325,97,115,125,否,,
静安区,,上海大学市北附属中学,572,313,96,121,123,否,,
静安区,,上海田家炳中学,643,370,112,125,132,否,,
静安区,,上海市民办扬波中学,557,319,79,103,99,否,,
静安区,,上海市民办风范中学,519,279.5,81,101,104,否,,
静安区,,复旦附中静安高级中学,705.5,415.5,139,134,144,否,,
静安区,,上海市同济黄浦设计创意中学,680,397.5,140,115,140,否,,
静安区,,上海市上海中学,713.5,424,146,136,146,否,,
静安区,,上海市民办西南高级中学,618.5,364.5,105,116,112,否,,
静安区,,上海安生学校,569.5,317,100,107,117,否,,
静安区,,上海音乐学院附属安师实验中学,591.5,353,98,117,98,否,,
静安区,,上海交通大学附属中学,712,422,146,132,143,否,,
静安区,,复旦大学附属中学,712,427,146,136,142,否,,
静安区,,上海市文来中学,663,389,129,125,131,否,,
静安区,,上海市民办文绮中学,623.5,355,104,116,135,否,,
静安区,,上海市民办燎原双语高级中学,585,336,89,114,114,否,,
静安区,,上海民办行中中学,570,325,114,118,113,否,,
静安区,,上海存志高级中学,649,390,129,122,117,否,,
静安区,,上海宝山区民办维尚高级中学,609.5,348.5,112,119,123,否,,
静安区,,上海创艺高级中学,590,351,95,117,104,否,,
静安区,,上海市宝山华曜高级中学,662,392,122,125,126,否,,
静安区,,上海市同洲模范学校,577,348,96,121,99,否,,
静安区,,上海金瑞学校,683.5,399.5,122,129,140,否,,
静安区,,上海宝山区世外学校,685.5,402.5,133,125,140,否,,
静安区,,上海华旭双语学校,539.5,315,90,114,108,否,,
静安区,,上海嘉定区民办华盛怀少学校,,,,,,,在最低投档控制分数线上（501分）无考生投档录取；未录满,
静安区,,华东师范大学第二附属中学,712,421,144,129,147,否,,
静安区,,上海市浦东新区民办浦实高级中学,539.5,299,83,122,101,否,,
静安区,,上海市民办丰华高级中学,593.5,336,110,115,121,否,,
静安区,,民办上海工商外国语职业学院附属中学,568,344,94,117,91,否,,
静安区,,上海浦东新区民办东鼎外国语学校,585,334,106,105,116,否,,
静安区,,上海市民办尚德实验学校,631,365,118,125,131,否,,
静安区,,上海市民办交大南洋中学,565.5,319,95,115,108,否,,
静安区,,上海市民办永昌中学,550,281.5,112,123,128,否,,
静安区,,上海金山区世外学校,655,399,138,125,115,否,,
静安区,,上海市松江区科德高级中学,,,,,,,在最低投档控制分数线上（501分）无考生投档录取；未录满,
静安区,,上海市松江区励滕高级中学,,,,,,,在最低投档控制分数线上（501分）无考生投档录取；未录满,
静安区,,上海市西外外国语学校,531,316.5,77,107,84.5,否,,
静安区,,上海赫贤学校,504.5,313,69,99,69,否,,
静安区,,上海松江区爱菊学校,575.5,338.5,107,115,102,否,,
静安区,,上海青浦区世外高级中学,608.5,358.5,111,118,110,否,,
静安区,,上海青浦区宏润博源高级中学,,,,,,,在最低投档控制分数线上（491分）无考生投档录取；未录满,
静安区,,上海宋庆龄学校,627,364,108,121,122,否,,
静安区,,上海青浦区协和双语学校,526,299.5,78,118,88,否,,
静安区,,上海美达菲双语高级中学,,,,,,,在最低投档控制分数线上（501分）无考生投档录取；未录满,
静安区,,上海奉贤区博华高级中学,556,328,105,103,97,否,,
静安区,,上海民办民一中学,490,280,72,95,81,否,,
静安区,,上海新纪元双语学校,483,271.5,100,89,83,否,,
黄浦区,012001,上海市格致中学,691.0,408.5,137,127,,否,,
黄浦区,012002,上海市格致中学,688.5,400.5,131,126,,否,,
黄浦区,012003,上海市大同中学,695.0,408.0,141,124,,否,,
黄浦区,012005,上海市向明中学,684.5,407.0,136,125,,否,,
黄浦区,012006,上海市向明中学,684.5,398.5,130,122,,否,,
黄浦区,012007,上海外国语大学附属大境中学,674.5,393.5,141,120,,否,,
黄浦区,012008,上海市光明中学,663.0,393.5,121,130,,否,,
黄浦区,012009,上海市敬业中学,678.5,397.0,134,119,,否,,
黄浦区,012010,上海市卢湾高级中学,669.0,391.0,126,122,,否,,
黄浦区,012011,同济大学科技中学,709.5,422.5,142,137,,否,,
黄浦区,013001,上海市第八中学,648.5,368.5,111,116,,否,,
黄浦区,013003,上海市第十中学,637.5,367.5,116,116,,否,,
黄浦区,013004,上海理工大学附属储能中学,628.5,371.5,123,117,,否,,
黄浦区,014001,上海市金陵中学,593.0,341.5,101,107,,否,,
黄浦区,014003,上海市市南中学,619.5,356.5,104,119,,否,,
黄浦区,014004,上海音乐学院附属黄浦比乐中学,606.0,340.0,103,121,,否,,
黄浦区,014006,上海市同济黄浦设计创意中学,617.0,353.0,110,116,,否,,
黄浦区,042032,上海市上海中学,714.5,426.5,150,132,,否,,
黄浦区,044083,上海市民办西南高级中学,597.5,330.5,116,107,,否,,
黄浦区,063008,上海市久隆模范中学,652.0,383.0,113,126,,否,,
黄浦区,064020,上海田家炳中学,660.0,385.5,111,136,,否,,
黄浦区,064021,上海市民办扬波中学,598.0,328.0,104,119,,否,,
黄浦区,064024,上海市民办风范中学,591.0,345.5,86,123,,否,,
黄浦区,069004,上海戏剧学院附属高级中学,632.0,360.0,96,130,,否,,
黄浦区,074081,上海安生学校,561.5,312.5,72,109,,否,,
黄浦区,079016,上海音乐学院附属安师实验中学,609.5,346.5,107,108,,否,未录满,
黄浦区,102056,上海交通大学附属中学,713.0,421.5,143,134,,否,,
黄浦区,102057,复旦大学附属中学,713.0,426.0,146,133,,否,,
黄浦区,124116,上海市民办燎原双语高级中学,591.5,353.0,108,113,,否,,
黄浦区,125117,上海闵行区诺达双语学校,545.5,333.0,77,116,,否,,
黄浦区,125119,上海闵行区民办德闳学校,,,,,,,无考生达线,
黄浦区,134010,上海民办行中中学,584.5,359.5,102,126,,否,,
黄浦区,134012,上海存志高级中学,676.5,391.5,134,118,,否,,
黄浦区,134013,上海宝山区民办维尚高级中学,513.0,276.0,74,120,,否,,
黄浦区,134014,上海创艺高级中学,534.5,292.5,83,106,,否,,
黄浦区,134015,上海市宝山华曜高级中学,601.5,349.0,101,116,,否,,
黄浦区,135001,上海市同洲模范学校,635.5,369.5,125,122,,否,,
黄浦区,135003,上海金瑞学校,570.0,318.0,97,115,,否,,
黄浦区,135034,上海宝山区世外学校,684.0,407.0,134,131,,否,,
黄浦区,145007,上海市民办远东学校,588.5,338.0,104,123,,否,,
黄浦区,145018,上海华旭双语学校,574.5,326.0,101,111,,否,,
黄浦区,145030,上海嘉定区民办华盛怀少学校,,,,,,,无考生达线,
黄浦区,152003,华东师范大学第二附属中学,712.5,421.5,143,131,,否,,
黄浦区,154033,上海市浦东新区民办浦实高级中学,589.0,346.5,102,120,,否,,
黄浦区,154039,上海市民办丰华高级中学,599.5,342.0,98,116,,否,,
黄浦区,154048,民办上海工商外国语职业学院附属中学,598.5,341.5,100,113,,否,,
黄浦区,155013,上海市民办金苹果学校,592.5,336.5,85,118,,否,,
黄浦区,155041,上海浦东新区民办东鼎外国语学校,596.0,335.0,94,111,,否,,
黄浦区,155043,上海市民办尚德实验学校,632.5,370.0,108,121,,否,,
黄浦区,164005,上海市民办交大南洋中学,579.0,340.5,104,108,,否,,
黄浦区,164008,上海市民办永昌中学,565.5,337.0,113,105,,否,,
黄浦区,165004,上海金山区世外学校,647.5,372.5,121,111,,否,,
黄浦区,173002,上海市松江区科德高级中学,618.5,361.0,118,107,,否,,
黄浦区,173005,上海市松江区励滕高级中学,,,,,,,无考生达线,
黄浦区,174013,上海领科双语学校,550.5,315.0,84,107,,否,,
黄浦区,175018,上海市西外外国语学校,580.5,336.5,105,111,,否,,
黄浦区,175024,上海赫贤学校,508.5,276.5,83,105,,否,未录满,
黄浦区,175025,上海松江区爱菊学校,697.5,406.5,133,130,,否,,
黄浦区,184006,上海青浦区世外高级中学,680.5,400.0,126,129,,否,,
黄浦区,184007,上海青浦区宏润博源高级中学,,,,,,,无考生达线,
黄浦区,185008,上海宋庆龄学校,571.5,325.5,98,123,,否,,
黄浦区,185014,上海青浦区协和双语学校,587.0,324.0,99,112,,否,,
黄浦区,204020,上海美达菲双语高级中学,518.0,282.0,81,105,,否,,
黄浦区,204021,上海奉贤区博华高级中学,577.5,320.5,92,114,,否,,
黄浦区,514001,上海市崇明区城桥中学,543.5,319.5,88,113,,否,未录满,
黄浦区,514004,上海市崇明区堡镇中学,655.5,383.5,123,119,,否,,
黄浦区,514010,上海民办民一中学,564.0,316.5,99,113,,否,,
,,,,,,,,,,
缺口说明：,,,,,,,,,,
宝山区：说明：宝山区2026平行志愿官方以图片/PDF发布，无官方可机读文本。下方仅能从公开报道(搜狐·大华那点事)提取到6所头部本区高中分数；其余本区高中(宝山中学/通河/顾村/行知实验/宝山世外等)官方图片未解析，列为【部分】。,,,,,,,,,,
