汇总透视（按高中 / 按区 汇总名额分配与分数线，便于快速看盘子）,,,,,
说明：『到校计划数(合计)』为16区『名额分配到校计划(逐校)』之和，现已 16 区计划CSV全部并入（含徐汇899，合计12875）；与全市口径12904差约29，系个别区计划表仍有极少量未解析单元格，非徐汇缺口。『到区录取线/平行志愿线』为各区最低值样本，前者800分制、后者750分制，二者不可相减、不可与计划数混淆。,,,,,
,,,,,
招生学校,到区计划数,到校计划数(合计),到校覆盖初中数,到区录取线(最低·800制),平行志愿线(最低·750制)
上海交通大学附属中学,336,82,67,426,705
上海市上海中学,291,73,55,424.5,705.5
复旦大学附属中学,271,65,54,425.5,709.5
上海师范大学附属中学,208,49,45,412.5,694.5
上海南汇中学,140,325,112,403.5,685
上海市大同中学,136,131,16,417,695
上海市青浦高级中学,135,314,28,399,671.5
上海市朱家角中学,129,300,28,385,655.5
上海市闵行中学,120,280,52,391,694
上海市七宝中学,120,280,50,415,705
上海大学附属中学,119,278,64,395.5,678
上海市行知中学,115,269,57,403.5,695
上海市洋泾中学,109,252,109,411,697
上海市进才中学,109,252,113,421,703.5
上海市建平中学,109,252,106,423.5,706
上海交通大学附属中学嘉定分校,107,252,31,424.5,699
上海市杨浦高级中学,103,240,20,403,691.5
上海市控江中学,103,240,19,421.5,699.5
上海市吴淞中学,100,234,61,396.5,681.5
上海市卢湾高级中学,96,131,20,393,669
上海外国语大学附属大境中学,96,131,16,386.5,674.5
上海市高桥中学,94,215,107,398.5,684
上海市奉贤中学,94,218,39,412,690
上海中学东校,94,215,110,414.5,700
上海市川沙中学,94,215,111,412.5,695.5
上海市南洋模范中学,90,209,30,418,705
上海市位育中学,90,209,25,411.5,700
上海市嘉定区第一中学,89,210,37,401,688
上海市宜川中学,89,210,37,392.5,686
上海市光明中学,86,131,19,391,663
同济大学第一附属中学,86,200,20,398.5,686
上海师范大学附属中学闵行分校,86,200,55,411.5,699.5
上海外国语大学附属外国语学校松江云间中学,84,196,34,412,692
上海市晋元高级中学,84,196,38,407.5,693.5
上海市松江二中,84,196,35,411,696
上海市松江一中,84,196,36,390,685.5
上海市南洋中学,82,193,29,392,685.5
上海市市北中学,82,190,33,403,690
上海市曹杨第二中学,82,192,32,412,700.5
华东师范大学第二附属中学闵行紫竹分校,82,191,60,425.5,702.5
上海市第三女子中学,78,,16,399,685.5
华东师范大学第三附属中学,78,182,23,392.5,665
复旦大学附属复兴中学,77,180,20,407,
上海市敬业中学,76,131,21,385.5,678.5
上海市育才中学,74,173,32,397,684.5
上海市金山中学,74,173,26,410.5,685.5
上海市新中高级中学,74,173,31,392.5,679.5
上海市市西中学,74,173,33,408,697
上海市延安中学,72,169,18,415,694
华东师范大学第一附属中学,71,166,22,401.5,
上海交通大学附属中学闵行分校,70,164,59,419.5,704.5
上海市浦东复旦附中分校,70,161,110,425.5,710
华东师范大学第二附属中学,67,415,154,415,704.5
华东师范大学第二附属中学临港奉贤分校,64,75,43,406.5,682.5
复旦大学附属中学青浦分校,62,146,28,423,695
上海市崇明中学,62,146,19,394,655.5
上海市回民中学,59,139,18,372.5,618
上海师范大学附属中学嘉定新城分校,58,137,37,392.5,690.5
上海财经大学附属北郊高级中学,56,131,21,389,
上海市第六十中学,56,131,31,370.5,650
上海市复旦中学,53,123,15,398,690
上海市第二中学,53,245,70,397.5,689.5
上海市实验学校,52,13,11,415,709
上海师范大学附属中学宝山分校,51,121,57,401.5,691
华东师范大学第二附属中学松江分校,50,118,35,418.5,702.5
同济大学科技中学,47,,8,418.5,709.5
上海市华东模范中学,44,104,30,366.5,638
上海市格致中学,40,225,60,414,682
上海市向明中学,38,195,55,395.5,684.5
上海师范大学附属中学松江分校,31,73,32,380.5,689.5
复旦大学附属中学徐汇分校,31,73,29,412.5,711
上海市实验学校东滩高级中学,31,73,18,398.5,661
上海市浦东新区群峰高级中学,,,0,,600
上海市张堰中学,,,0,,642.5
上海市西南模范中学,,,0,,613.5
上海市曹杨中学,,,0,,672
上海师范大学第四附属中学,,,0,,579
上海市陆行中学,,,0,,646.5
上海创艺高级中学,,,0,,488
上海市民办风范中学,,,0,,519
上海市长岛中学,,,0,,589
上海闵行区诺美高级中学,,,0,,508
上海华东师范大学附属进华中学,,,0,,590.5
上海市位育附属徐汇科技实验中学,,,0,,690
上海市民办上实剑桥外国语中学,,,0,,506
上财北郊,,,0,,677.5
上海市第四中学,,,0,,653.5
上海市晋元高级中学南校,,,0,,692.5
上海市吴迅中学,,,0,,555.5
上海市民办燎原双语高级中学,,,0,,556.5
上海市育民中学,,,0,,622
同济创意,,,0,,628
上海市闵行区实验高级中学,,,0,,639.5
上海市民办新虹桥中学,,,0,,503
东华大学附属奉贤致远中学,,,0,,637.5
上海浦东新区民办东鼎外国语学校,,,0,,480.5
上海市上师大附中,,1,0,,
上海安生学校,,,0,,502.5
上海市第十中学,,,0,,637.5
复旦附中静安高级中学,,,0,,705.5
上海市民办远东学校,,,0,,529
上海市市南中学,,,0,,619.5
上音北虹,,,0,,640.5
上海青浦区世外高级中学,,,0,,507
上海市嘉定区封浜高级中学,,,0,,593.5
上海市民办金苹果学校,,,0,,501
师大二附,,,0,,712.5
上海培佳双语学校,,,0,,570.5
上海市金陵中学,,,0,,593
上海圣华紫竹高级中学,,,0,,509
上海市香山中学,,,0,,619.5
上海市文来中学,,,0,,648
上海市西外外国语学校,,,0,,501
上海市沪新中学,,,0,,560
上海存志高级中学,,,0,,617
五十二中,,,0,,534
上海市古美高级中学,,,0,,634
上海市华师大二附中,,2,0,,
上海市复旦实验中学,,,0,,640.5
华东理工大学附属闵行科技高级中学,,,0,,661
上海市徐汇中学,,,0,,674
远东学校,,,0,,560.5
上海市崇明区民本中学,,,0,,594
上海市崇明区城桥中学,,,0,,513.5
上海宋庆龄学校,,,0,,526.5
上海市闵行第三中学,,,0,,666.5
上海市浦东新区民办浦实高级中学,,,0,,504
上海市三林中学,,,0,,647.5
上海新纪元双语学校,,,0,,464.5
上海体育大学附属中学,,,0,,516.5
博华高级,,,0,,560
上海市民办交大南洋中学,,,0,,507.5
上海市嘉定区第二中学,,,0,,658.5
上海理工大学附属中学,,,0,,673.5
上海市进才中学根林分校,,,0,,682
上海宝山区民办维尚高级中学,,,0,,501
上海外国语大学闵行外国语中学,,,0,,688.5
上海民办华曜浦东实验学校,,,0,,672.5
上海市久隆模范中学,,,0,,577.5
上海市市三女中,,117,0,,
上海市民星中学,,,0,,550.5
上海市祝桥高级中学,,,0,,567.5
上海市闸北第八中学,,,0,,608.5
上海理工大学附属储能中学,,,0,,628.5
上海田家炳中学,,,0,,637
上海闵行区万科双语学校,,,0,,558
上海市风华中学,,,0,,663.5
上海市民办文绮中学,,,0,,623.5
上海市川沙中学友仁分校,,,0,,678
上海体育大学附属金山亭林中学,,,0,,555
上海市江镇中学,,,0,,584.5
上海市青浦区第一中学,,,0,,632
同济大学第二附属中学,,,0,,652.5
上海大学市北附属中学,,,0,,572
东华大学附属松江高级中学,,,0,,651
上海金瑞学校,,,0,,506
华东师范大学第二附属中学宝山校区,,,0,,704.5
上海理工大学附属杨浦少云中学,,,0,,593.5
上海市桃浦中学,,,0,,601
上海浦东民办未来科技学校,,,0,,618.5
上海民办光华中学,,,0,,505.5
师大一附,,,0,,682.5
北京外国语大学附属上海闵行田园高级中学,,,0,,652
华曜高级,,,0,,639
上海财经大学附属中学,,,0,,650.5
上海第二工业大学附属龚路中学,,,0,,590
上海市同洲模范学校,,,0,,503
上海市南汇第一中学,,,0,,627
上海闵行区民办德闳学校,,,0,,507.5
上海市新川中学,,,0,,658
上海嘉定区民办华盛怀少学校,,,0,,501
上海市第八中学,,,0,,648.5
上海市新场中学,,,0,,579
上海大学附属嘉定高级中学,,,0,,624
上海市长征中学,,,0,,634.5
上音安师,,,0,,687.5
上海市奉贤中学附属南桥中学,,,0,,657.5
上海奉贤区博华高级中学,,,0,,507.5
上海师范大学附属外国语中学,,,0,,655.5
上海音乐学院附属安师实验中学,,,0,,567
上海市洋泾中学南校,,,0,,672.5
上海市嘉定区嘉一实验高级中学,,,0,,670.5
上海宝山区世外学校,,,0,,661.5
华东政法大学附属中学,,,0,,645
上海市复旦附中,,2,0,,714.5
上海市第一中学,,,0,,622.5
上海市三林中学东校,,,0,,576
上海市七宝中学浦江分校,,,0,,673.5
城桥中学,,,0,,571.5
上海市民办丰华高级中学,,,0,,501.5
上海市闵行中学东校,,,0,,654
上海市青浦区东湖中学,,,0,,599
民办上海工商外国语职业学院附属中学,,,0,,490.5
上海市松江区科德高级中学,,,0,,509
上海市文建中学,,,0,,605.5
上海市金汇高级中学,,,0,,614.5
上海市松江区民办茸一中学,,,0,,624.5
上海赫贤学校,,,0,,503
美达菲,,,0,,533.5
上海浦东新区民办康德学校,,,0,,518.5
上海市建平世纪中学,,,0,,632.5
上海市建平中学筠溪分校,,,0,,690.5
上海市民办扬波中学,,,0,,557
上海市崇明区横沙中学,,,0,,505
上海市仙霞高级中学,,,0,,635.5
鲁迅中学,,,0,,628.5
上海市松江区第四中学,,,0,,585
上海师范大学附属嘉定高级中学,,,0,,646
上戏附中,,,0,,556.5
上海市同济黄浦设计创意中学,,11,0,,617
上海师范大学附属青浦实验中学,,,0,,626.5
上海市彭浦中学,,,0,,636.5
上海应用技术大学附属奉贤奉城高级中学,,,0,,616.5
上海市扬子中学,,,0,,585
华东师范大学附属天山学校,,,0,,662.5
华东理工大学附属中学,,,0,,628.5
上海市杨思高级中学,,,0,,641
上海市甘泉外国语中学,,,0,,571.5
华东师范大学附属东昌中学,,,0,,686.5
上海市泥城中学,,,0,,534
上海浦东新区民办籽奥高级中学,,,0,,510
上海市闵行区教育学院附属中学,,,0,,607
上海青浦区协和双语学校,,,0,,506.5
上海民办行中中学,,,0,,480
上海市奉贤区景秀高级中学,,,0,,591.5
西外外语,,,0,,563
上海民办位育中学,,,0,,658.5
上海市嘉定区安亭高级中学,,,0,,635
上海市嘉定区中光高级中学,,,0,,611
青浦世外,,,0,,628.5
上海浦东新区民办沪港学校,,,0,,513.5
上海市第五十四中学,,,0,,644
上海市七宝中学附属鑫都实验中学,,,0,,677
东鼎外语,,,0,,606.5
上海市浦东临港科技高级中学,,,0,,656.5
上海交通大学附属中学浦东实验高中,,,0,,614.5
上海闵行区诺达双语学校,,,0,,509.5
上海交通大学附属闵行实验学校,,,0,,680
华东理工大学附属浦东科技高级中学,,,0,,665
上海浦东新区民办宏文学校,,,0,,508
金山世外,,,0,,662
上海市高东中学,,,0,,567.5
同济大学附属七一中学,,,0,,603
上海青浦区宏润博源高级中学,,,0,,493.5
上海市民办育辛高级中学,,,0,,501
上海师范大学附属罗店中学,,,0,,659.5
上海市曹杨第二中学东校,,,0,,698.5
上海闵行区协和双语教科学校,,,0,,598.5
上海市市东实验学校,,,0,,663
同济澄衷,,,0,,612
上海金山区世外学校,,,0,,624
上海市崇明区堡镇中学,,,0,,515
上海市民办尚德实验学校,,,0,,586.5
上海浦东新区民办万科学校,,,0,,506
华东师范大学附属浦东临港高级中学,,,0,,654.5
上海市泾南中学,,,0,,581.5
华东政法大学附属松江高级中学,,,0,,672
上海市零陵中学,,,0,,638
上海市浦东外国语学校东校,,,0,,642
华东师范大学张江实验中学,,,0,,627
复旦复兴,,,0,,693.5
上海师范大学第二附属中学,,,0,,617
上海音乐学院附属黄浦比乐中学,,,0,,606
上海市交大附中,,2,0,,713.5
继光高级,,,0,,588
尚德实验,,,0,,641.5
华东师范大学附属枫泾中学,,,0,,590
上海海洋大学附属大团高级中学,,,0,,610.5
上海市向东中学,,,0,,586.5
上海市民办西南高级中学,,,0,,559
上海市老港中学,,,0,,543.5
上海市同济中学,,,0,,627
复旦大学第二附属中学,,,0,,696
华东师范大学松江实验高级中学,,,0,,631
上海市紫竹园中学,,,0,,607
华东师范大学第二附属中学金山实验学校,,,0,,675.5
上海民办民一中学,,,0,,441.5
上海市建青实验学校,,,0,,653
上海市松江区励滕高级中学,,,0,,501
上海市松江九峰实验学校,,,0,,640
上海市民立中学,,,0,,650
上海领科双语学校,,,0,,550.5
上海市西郊学校,,,0,,616
上海市上南中学,,,0,,659
宝山世外,,,0,,681.5
市复旦大学附属中学,,,1,,
领科双语,,,0,,678.5
上海市徐汇区董恒甫高级中学,,,0,,600
上海海事大学附属北蔡高级中学,,,0,,674.5
上海市浦东中学,,,0,,600
上海美达菲双语高级中学,,,0,,506.5
上海中医药大学附属浦江高级中学,,,0,,620
上海松江区爱菊学校,,,0,,501.5
上海市中原中学,,,0,,610
上海华旭双语学校,,,0,,492.5
上海市西南位育中学,,,0,,671
上师虹口,,,0,,654
上海市青浦区第二中学,,,0,,555.5
上海市宝山华曜高级中学,,,0,,506
华东师范大学附属闵行永德学校,,,0,,645.5
上海市莘庄中学,,,0,,679
上海立信会计金融学院附属高行中学,,,0,,637.5
上海戏剧学院附属高级中学,,,0,,588
上海市松江区立达中学,,,0,,609
上海浦东新区民办惠立学校,,,0,,502.5
协和双语,,,0,,588
上海市松江区弘毅南洋高级中学,,,0,,501
华东师范大学附属周浦中学,,,0,,667
上海市民办永昌中学,,,0,,501
上海对外经贸大学附属松江高级中学,,,0,,650.5
华东理工大学附属奉贤曙光中学,,,0,,659.5
上海市中国中学,,,0,,663.5
,,,,,
,,,,,
区,到校计划数合计,享受到校初中数,到校录取线覆盖初中数,平行志愿招生学校数,到区录取线高中数(接收)
浦东新区,2066,140,124,106,72
黄浦区,996,22,22,65,56
徐汇区,899,31,31,67,66
长宁区,418,18,18,58,59
静安区,1102,36,36,63,63
普陀区,736,41,41,62,60
虹口区,488,23,23,50,58
杨浦区,707,39,23,56,62
闵行区,1290,66,63,80,64
宝山区,1076,67,67,6,59
嘉定区,612,39,39,56,59
松江区,791,38,38,64,52
青浦区,766,31,31,54,44
奉贤区,345,42,42,46,39
金山区,360,28,28,40,38
崇明区,223,23,22,29,28
,,,,,
校验：到区计划合计=6601（应=7171）；到校计划合计=12875（16区计划CSV已全；与全市12904差29，系个别区计划表极少量未解析）。,,,,,
