类别,说明
到区-校区分配,浦东新区|华东师范大学第二附属中学|752 -> 华东师范大学第二附属中学（宝山校区）(133003)
到区-校区分配,浦东新区|华东师范大学第二附属中学|763.5 -> 华东师范大学第二附属中学(152003)
到区-校区分配,嘉定区|华东师范大学第二附属中学|757.5 -> 华东师范大学第二附属中学（普陀校区）(073082)
到区-校区分配,嘉定区|华东师范大学第二附属中学|751 -> 华东师范大学第二附属中学（宝山校区）(133003)
到区-校区分配,嘉定区|华东师范大学第二附属中学|764.5 -> 华东师范大学第二附属中学(152003)
到区-校区分配,奉贤区|上海市格致中学|735.5 -> 上海市格致中学（奉贤校区）(012002)
到区-校区分配,奉贤区|上海市格致中学|737 -> 上海市格致中学(012001)
到区-校区分配,奉贤区|上海市第二中学|747 -> 上海市第二中学（梅陇校区）(042002)
到区-校区分配,奉贤区|华东师范大学第二附属中学|742 -> 华东师范大学第二附属中学（宝山校区）(133003)
到区-校区分配,奉贤区|华东师范大学第二附属中学|755 -> 华东师范大学第二附属中学(152003)
到区-校区分配,宝山区|上海市第二中学|668.5 -> 上海市第二中学（梅陇校区）(042002)
到区-校区分配,宝山区|华东师范大学第二附属中学|766.5 -> 华东师范大学第二附属中学（宝山校区）(133003)
到区-校区分配,宝山区|华东师范大学第二附属中学|764 -> 华东师范大学第二附属中学(152003)
到区-校区分配,崇明区|华东师范大学第二附属中学|759 -> 华东师范大学第二附属中学（宝山校区）(133003)
到区-校区分配,崇明区|华东师范大学第二附属中学|764.5 -> 华东师范大学第二附属中学(152003)
到区-校区分配,徐汇区|上海市第二中学|739.5 -> 上海市第二中学（梅陇校区）(042002)
到区-校区分配,徐汇区|上海市第二中学|738.5 -> 上海市第二中学(042001)
到区-校区分配,徐汇区|华东师范大学第二附属中学|763 -> 华东师范大学第二附属中学（普陀校区）(073082)
到区-校区分配,徐汇区|华东师范大学第二附属中学|750 -> 华东师范大学第二附属中学（宝山校区）(133003)
到区-校区分配,徐汇区|华东师范大学第二附属中学|756.5 -> 华东师范大学第二附属中学(152003)
到区-校区分配,普陀区|上海市第二中学|702 -> 上海市第二中学（梅陇校区）(042002)
到区-校区分配,普陀区|华东师范大学第二附属中学|769 -> 华东师范大学第二附属中学（宝山校区）(133003)
到区-校区分配,普陀区|华东师范大学第二附属中学|763.5 -> 华东师范大学第二附属中学（普陀校区）(073082)
到区-校区分配,普陀区|华东师范大学第二附属中学|767 -> 华东师范大学第二附属中学(152003)
到区-校区分配,杨浦区|上海市向明中学|720.5 -> 上海市向明中学（浦江校区）(012006)
到区-校区分配,杨浦区|华东师范大学第二附属中学|763 -> 华东师范大学第二附属中学（宝山校区）(133003)
到区-校区分配,杨浦区|华东师范大学第二附属中学|766 -> 华东师范大学第二附属中学（普陀校区）(073082)
到区-校区分配,松江区|上海市第二中学|678 -> 上海市第二中学（梅陇校区）(042002)
到区-校区分配,松江区|华东师范大学第二附属中学|752.5 -> 华东师范大学第二附属中学(152003)
到区-校区分配,松江区|华东师范大学第二附属中学|762.5 -> 华东师范大学第二附属中学（宝山校区）(133003)
到区-校区分配,虹口区|上海市第二中学|719 -> 上海市第二中学（梅陇校区）(042002)
到区-校区分配,虹口区|华东师范大学第二附属中学|748 -> 华东师范大学第二附属中学(152003)
到区-校区分配,虹口区|华东师范大学第二附属中学|753.5 -> 华东师范大学第二附属中学（宝山校区）(133003)
到区-校区分配,虹口区|华东师范大学第二附属中学|761.5 -> 华东师范大学第二附属中学（普陀校区）(073082)
到区-校区分配,金山区|华东师范大学第二附属中学|761 -> 华东师范大学第二附属中学（宝山校区）(133003)
到区-校区分配,长宁区|上海市格致中学|750.5 -> 上海市格致中学（奉贤校区）(012002)
到区-校区分配,长宁区|华东师范大学第二附属中学|762.5 -> 华东师范大学第二附属中学（宝山校区）(133003)
到区-校区分配,长宁区|华东师范大学第二附属中学|757.5 -> 华东师范大学第二附属中学（普陀校区）(073082)
到区-校区分配,长宁区|华东师范大学第二附属中学|762 -> 华东师范大学第二附属中学(152003)
到区-校区分配,闵行区|上海市向明中学|741.5 -> 上海市向明中学（浦江校区）(012006)
到区-校区分配,闵行区|上海市第二中学|741.5 -> 上海市第二中学（梅陇校区）(042002)
到区-校区分配,闵行区|华东师范大学第二附属中学|763 -> 华东师范大学第二附属中学（宝山校区）(133003)
到区-校区分配,闵行区|华东师范大学第二附属中学|763 -> 华东师范大学第二附属中学(152003)
到区-校区分配,闵行区|华东师范大学第二附属中学|764 -> 华东师范大学第二附属中学（普陀校区）(073082)
到区-校区分配,青浦区|华东师范大学第二附属中学|723 -> 华东师范大学第二附属中学（普陀校区）(073082)
到区-校区分配,青浦区|华东师范大学第二附属中学|757 -> 华东师范大学第二附属中学（宝山校区）(133003)
到区-校区分配,静安区|华东师范大学第二附属中学|762.5 -> 华东师范大学第二附属中学（宝山校区）(133003)
到区-校区分配,静安区|华东师范大学第二附属中学|757 -> 华东师范大学第二附属中学（普陀校区）(073082)
到区-校区分配,静安区|华东师范大学第二附属中学|753.5 -> 华东师范大学第二附属中学(152003)
到区-校区分配,黄浦区|上海市格致中学|753.5 -> 上海市格致中学(012001)
到区-校区分配,黄浦区|上海市格致中学|736 -> 上海市格致中学（奉贤校区）(012002)
到区-校区分配,黄浦区|上海市向明中学|747 -> 上海市向明中学(012005)
到区-校区分配,黄浦区|上海市向明中学|728 -> 上海市向明中学（浦江校区）(012006)
到区-校区分配,黄浦区|华东师范大学第二附属中学|764.5 -> 华东师范大学第二附属中学（宝山校区）(133003)
到区-校区分配,黄浦区|华东师范大学第二附属中学|750 -> 华东师范大学第二附属中学（普陀校区）(073082)
到区-校区分配,黄浦区|华东师范大学第二附属中学|760 -> 华东师范大学第二附属中学(152003)
到校-重复键丢弃,浦东新区|上海市临港实验中学|上海中学东校|丢弃750.5（保留748.5）
到校-重复键丢弃,浦东新区|上海市临港实验中学|上海市建平中学|丢弃754.5（保留755.5）
到校-重复键丢弃,浦东新区|上海市临港实验中学|上海市进才中学|丢弃750（保留752.5）
到校-重复键丢弃,浦东新区|上海市临港实验中学|上海南汇中学|丢弃733（保留737.5）
到校-校区分配,浦东新区|上海市临港实验中学|上海市浦东复旦附中分校|763.5 -> 上海市浦东复旦附中分校(153015)
到校-校区分配,浦东新区|上海市临港实验中学|上海市浦东复旦附中分校|761.5 -> 上海市浦东复旦附中分校(152005)
到校-重复键丢弃,浦东新区|上海市临港实验中学|上海市洋泾中学|丢弃735（保留740.5）
到校-重复键丢弃,浦东新区|上海市临港实验中学|上海市高桥中学|丢弃732（保留713.5）
到校-重复键丢弃,浦东新区|上海市临港实验中学|上海市川沙中学|丢弃746.5（保留735.5）
到校-重复键丢弃,浦东新区|上海市临港实验中学|华东师范大学第二附属中学临港奉贤分校|丢弃738.5（保留738）
到校-校区分配,浦东新区|上海中医药大学附属浦东鹤沙学校|华东师范大学第二附属中学|766 -> 华东师范大学第二附属中学（宝山校区）(133003)
到校-校区分配,奉贤区|上海市奉贤区青少年业余体育学校|上海市格致中学|665 -> 上海市格致中学（奉贤校区）(012002)
到校-校区分配,奉贤区|上海市奉贤区古华中学|上海市格致中学|727 -> 上海市格致中学（奉贤校区）(012002)
到校-校区分配,奉贤区|上海市奉贤区实验中学|上海市格致中学|740.5 -> 上海市格致中学（奉贤校区）(012002)
到校-校区分配,奉贤区|上海市奉贤中学附属南桥中学|上海市格致中学|738 -> 上海市格致中学（奉贤校区）(012002)
到校-校区分配,奉贤区|上海市奉贤区汇贤中学|上海市格致中学|752.5 -> 上海市格致中学（奉贤校区）(012002)
到校-校区分配,奉贤区|上海市奉贤区塘外中学|上海市格致中学|716 -> 上海市格致中学（奉贤校区）(012002)
到校-校区分配,奉贤区|上海市奉贤区青村中学|上海市格致中学|685.5 -> 上海市格致中学（奉贤校区）(012002)
到校-校区分配,奉贤区|上海市奉贤区奉城第二中学|上海市格致中学|732 -> 上海市格致中学（奉贤校区）(012002)
到校-校区分配,奉贤区|上海市奉贤区头桥中学|上海市格致中学|698.5 -> 上海市格致中学（奉贤校区）(012002)
到校-校区分配,奉贤区|上海市奉贤区洪庙中学|上海市格致中学|722 -> 上海市格致中学（奉贤校区）(012002)
到校-校区分配,奉贤区|上海市奉贤区四团中学|上海市格致中学|684.5 -> 上海市格致中学（奉贤校区）(012002)
到校-校区分配,奉贤区|上海市奉贤区青溪中学|上海市格致中学|748 -> 上海市格致中学（奉贤校区）(012002)
到校-校区分配,奉贤区|上海市奉贤区尚同中学|上海市格致中学|730.5 -> 上海市格致中学（奉贤校区）(012002)
到校-校区分配,奉贤区|上海外国语大学附属奉贤实验中学|上海市格致中学|759.5 -> 上海市格致中学（奉贤校区）(012002)
到校-校区分配,奉贤区|上海市奉贤区崇实中学|上海市格致中学|746 -> 上海市格致中学（奉贤校区）(012002)
到校-校区分配,奉贤区|上海市奉贤区崇实中学|华东师范大学第二附属中学|758 -> 华东师范大学第二附属中学（宝山校区）(133003)
到校-校区分配,奉贤区|上海市奉贤区待问中学|上海市格致中学|742.5 -> 上海市格致中学（奉贤校区）(012002)
到校-校区分配,奉贤区|上海市奉贤中学附属初级中学|上海市格致中学|752 -> 上海市格致中学（奉贤校区）(012002)
到校-校区分配,奉贤区|上海师范大学附属奉贤实验中学|上海市格致中学|730 -> 上海市格致中学（奉贤校区）(012002)
到校-校区分配,奉贤区|上海市奉贤区肖塘中学|上海市格致中学|717 -> 上海市格致中学（奉贤校区）(012002)
到校-校区分配,奉贤区|上海市奉贤区育秀中学|上海市格致中学|741 -> 上海市格致中学（奉贤校区）(012002)
到校-校区分配,奉贤区|上海市奉贤区华亭学校|上海市格致中学|742.5 -> 上海市格致中学（奉贤校区）(012002)
到校-校区分配,奉贤区|上海市奉贤区西渡学校|上海市格致中学|726.5 -> 上海市格致中学（奉贤校区）(012002)
到校-校区分配,奉贤区|上海市奉贤区新寺学校|上海市格致中学|700 -> 上海市格致中学（奉贤校区）(012002)
到校-校区分配,奉贤区|上海奉贤区世外学校|上海市格致中学|747.5 -> 上海市格致中学（奉贤校区）(012002)
到校-校区分配,奉贤区|上海市奉贤区柘林学校|上海市格致中学|725 -> 上海市格致中学（奉贤校区）(012002)
到校-校区分配,奉贤区|上海市奉贤区阳光外国语学校|上海市格致中学|732.5 -> 上海市格致中学（奉贤校区）(012002)
到校-校区分配,奉贤区|上海市奉贤区庄行学校|上海市格致中学|728 -> 上海市格致中学（奉贤校区）(012002)
到校-校区分配,奉贤区|上海市奉贤区邬桥学校|上海市格致中学|724 -> 上海市格致中学（奉贤校区）(012002)
到校-校区分配,奉贤区|上海市奉贤区齐贤学校|上海市格致中学|703.5 -> 上海市格致中学（奉贤校区）(012002)
到校-校区分配,奉贤区|上海理工大学附属奉贤学校|上海市格致中学|730.5 -> 上海市格致中学（奉贤校区）(012002)
到校-校区分配,奉贤区|上海市奉贤中学附属三官堂学校|上海市格致中学|705 -> 上海市格致中学（奉贤校区）(012002)
到校-校区分配,奉贤区|上海市奉贤区钱桥学校|上海市格致中学|733.5 -> 上海市格致中学（奉贤校区）(012002)
到校-校区分配,奉贤区|上海市奉贤区平安学校|上海市格致中学|716.5 -> 上海市格致中学（奉贤校区）(012002)
到校-校区分配,奉贤区|上海市奉贤区弘文学校|上海市格致中学|743 -> 上海市格致中学（奉贤校区）(012002)
到校-校区分配,奉贤区|上海市奉贤区肇文学校|上海市格致中学|717 -> 上海市格致中学（奉贤校区）(012002)
到校-校区分配,奉贤区|上海市奉贤区奉浦中学|上海市格致中学|732.5 -> 上海市格致中学（奉贤校区）(012002)
到校-校区分配,奉贤区|上海大学附属奉贤实验学校|上海市格致中学|716.5 -> 上海市格致中学（奉贤校区）(012002)
到校-校区分配,奉贤区|上海奉贤区世外教育附属临港外国语学校|上海市格致中学|714.5 -> 上海市格致中学（奉贤校区）(012002)
到校-校区分配,宝山区|上海市淞谊中学|华东师范大学第二附属中学|751 -> 华东师范大学第二附属中学（宝山校区）(133003)
到校-校区分配,宝山区|上海市宝山区教育学院附属中学|华东师范大学第二附属中学|759 -> 华东师范大学第二附属中学（宝山校区）(133003)
到校-校区分配,宝山区|上海市宝山区吴淞初级中学|华东师范大学第二附属中学|725 -> 华东师范大学第二附属中学（宝山校区）(133003)
到校-校区分配,宝山区|上海市吴淞中学附属宝山实验学校|华东师范大学第二附属中学|757 -> 华东师范大学第二附属中学（宝山校区）(133003)
到校-校区分配,宝山区|上海民办宝莲中学|华东师范大学第二附属中学|758.5 -> 华东师范大学第二附属中学（宝山校区）(133003)
到校-校区分配,宝山区|上海市吴淞第二中学|华东师范大学第二附属中学|735 -> 华东师范大学第二附属中学（宝山校区）(133003)
到校-校区分配,宝山区|上海市虎林中学|华东师范大学第二附属中学|749 -> 华东师范大学第二附属中学（宝山校区）(133003)
到校-校区分配,宝山区|上海市泗塘中学|华东师范大学第二附属中学|760 -> 华东师范大学第二附属中学（宝山校区）(133003)
到校-校区分配,宝山区|上海市宝山区求真中学南校|华东师范大学第二附属中学|721 -> 华东师范大学第二附属中学（宝山校区）(133003)
到校-校区分配,宝山区|上海市长江第二中学|华东师范大学第二附属中学|760 -> 华东师范大学第二附属中学（宝山校区）(133003)
到校-校区分配,宝山区|上海市宝山区求真中学|华东师范大学第二附属中学|758 -> 华东师范大学第二附属中学（宝山校区）(133003)
到校-校区分配,宝山区|上海市大场中学|华东师范大学第二附属中学|746 -> 华东师范大学第二附属中学（宝山校区）(133003)
到校-校区分配,宝山区|上海市大华中学|华东师范大学第二附属中学|756 -> 华东师范大学第二附属中学（宝山校区）(133003)
到校-校区分配,宝山区|上海市月浦中学|华东师范大学第二附属中学|670.5 -> 华东师范大学第二附属中学（宝山校区）(133003)
到校-校区分配,宝山区|上海市宝山华曜附属罗泾中学|华东师范大学第二附属中学|752.5 -> 华东师范大学第二附属中学（宝山校区）(133003)
到校-校区分配,宝山区|上海市罗南中学|华东师范大学第二附属中学|761 -> 华东师范大学第二附属中学（宝山校区）(133003)
到校-校区分配,宝山区|上海市民办交华中学|华东师范大学第二附属中学|758.5 -> 华东师范大学第二附属中学（宝山校区）(133003)
到校-校区分配,宝山区|上海市宝山实验学校高境分校|华东师范大学第二附属中学|759 -> 华东师范大学第二附属中学(152003)
到校-校区分配,宝山区|上海市宝山实验学校高境分校|华东师范大学第二附属中学|756.5 -> 华东师范大学第二附属中学（宝山校区）(133003)
到校-校区分配,宝山区|上海市宝山区罗店第二中学|华东师范大学第二附属中学|735 -> 华东师范大学第二附属中学（宝山校区）(133003)
到校-校区分配,宝山区|上海市宝山区罗店第二中学|华东师范大学第二附属中学|760.5 -> 华东师范大学第二附属中学(152003)
到校-校区分配,宝山区|上海市宝山区乐之中学|华东师范大学第二附属中学|746.5 -> 华东师范大学第二附属中学（宝山校区）(133003)
到校-校区分配,宝山区|上海市宝山区美兰湖中学|华东师范大学第二附属中学|761 -> 华东师范大学第二附属中学（宝山校区）(133003)
到校-校区分配,宝山区|上海市宝山区杨泰实验中学|华东师范大学第二附属中学|753.5 -> 华东师范大学第二附属中学（宝山校区）(133003)
到校-校区分配,宝山区|上海师范大学附属宝山经纬实验中学|华东师范大学第二附属中学|760 -> 华东师范大学第二附属中学（宝山校区）(133003)
到校-校区分配,宝山区|上海师范大学附属宝山罗店中学|华东师范大学第二附属中学|743 -> 华东师范大学第二附属中学（宝山校区）(133003)
到校-校区分配,宝山区|上海师范大学附属宝山罗店中学|华东师范大学第二附属中学|745.5 -> 华东师范大学第二附属中学(152003)
到校-校区分配,宝山区|上海市宝山中学|华东师范大学第二附属中学|756.5 -> 华东师范大学第二附属中学（宝山校区）(133003)
到校-校区分配,宝山区|上海市行知实验中学|华东师范大学第二附属中学|746 -> 华东师范大学第二附属中学（宝山校区）(133003)
到校-校区分配,宝山区|上海市盛桥中学|华东师范大学第二附属中学|729.5 -> 华东师范大学第二附属中学（宝山校区）(133003)
到校-校区分配,宝山区|上海市同洲模范学校|华东师范大学第二附属中学|757.5 -> 华东师范大学第二附属中学（宝山校区）(133003)
到校-校区分配,宝山区|上海市宝山实验学校|华东师范大学第二附属中学|759 -> 华东师范大学第二附属中学（宝山校区）(133003)
到校-校区分配,宝山区|上海市民办锦秋学校|华东师范大学第二附属中学|743 -> 华东师范大学第二附属中学（宝山校区）(133003)
到校-校区分配,宝山区|上海市月浦实验学校|华东师范大学第二附属中学|758.5 -> 华东师范大学第二附属中学（宝山校区）(133003)
到校-校区分配,宝山区|上海市宝山实验学校分校|华东师范大学第二附属中学|757.5 -> 华东师范大学第二附属中学（宝山校区）(133003)
到校-校区分配,宝山区|上海市吴淞实验学校|华东师范大学第二附属中学|755.5 -> 华东师范大学第二附属中学（宝山校区）(133003)
到校-校区分配,宝山区|上海市宝山区天馨学校|华东师范大学第二附属中学|748.5 -> 华东师范大学第二附属中学（宝山校区）(133003)
到校-校区分配,宝山区|上海市宝山区上海大学附属中学实验学校|华东师范大学第二附属中学|751 -> 华东师范大学第二附属中学（宝山校区）(133003)
到校-校区分配,宝山区|华东师范大学宝山实验学校|华东师范大学第二附属中学|756 -> 华东师范大学第二附属中学（宝山校区）(133003)
到校-校区分配,宝山区|上海大学附属学校|华东师范大学第二附属中学|747 -> 华东师范大学第二附属中学（宝山校区）(133003)
到校-校区分配,宝山区|上海农场学校|华东师范大学第二附属中学|751.5 -> 华东师范大学第二附属中学（宝山校区）(133003)
到校-校区分配,宝山区|上海市宝山区馨家园学校|华东师范大学第二附属中学|715 -> 华东师范大学第二附属中学（宝山校区）(133003)
到校-校区分配,宝山区|上海市宝山区淞谊实验学校|华东师范大学第二附属中学|750.5 -> 华东师范大学第二附属中学（宝山校区）(133003)
到校-校区分配,宝山区|上海市宝山区鹿鸣学校|华东师范大学第二附属中学|751 -> 华东师范大学第二附属中学（宝山校区）(133003)
到校-校区分配,宝山区|上海市宝山区庙行实验学校|华东师范大学第二附属中学|752.5 -> 华东师范大学第二附属中学（宝山校区）(133003)
到校-校区分配,宝山区|上海市宝山区顾村实验学校|华东师范大学第二附属中学|743 -> 华东师范大学第二附属中学（宝山校区）(133003)
到校-校区分配,宝山区|上海市宝山区行知外国语学校|华东师范大学第二附属中学|751 -> 华东师范大学第二附属中学（宝山校区）(133003)
到校-校区分配,宝山区|上海市宝山区新民实验学校|华东师范大学第二附属中学|752.5 -> 华东师范大学第二附属中学（宝山校区）(133003)
到校-校区分配,宝山区|上海市刘行新华实验学校|华东师范大学第二附属中学|758.5 -> 华东师范大学第二附属中学（宝山校区）(133003)
到校-校区分配,宝山区|上海民办华曜宝山实验学校|华东师范大学第二附属中学|761.5 -> 华东师范大学第二附属中学（宝山校区）(133003)
到校-校区分配,宝山区|上海大学附属宝山外国语学校|华东师范大学第二附属中学|753.5 -> 华东师范大学第二附属中学（宝山校区）(133003)
到校-校区分配,宝山区|上海市白茅岭学校（上海市白茅岭学校军天湖分校）|华东师范大学第二附属中学|722 -> 华东师范大学第二附属中学（宝山校区）(133003)
到校-校区分配,宝山区|上海市行知中学附属宝山实验学校|华东师范大学第二附属中学|740 -> 华东师范大学第二附属中学（宝山校区）(133003)
到校-校区分配,宝山区|上海民办至德实验学校|华东师范大学第二附属中学|762 -> 华东师范大学第二附属中学（宝山校区）(133003)
到校-校区分配,宝山区|上海宝山区世外学校|华东师范大学第二附属中学|760 -> 华东师范大学第二附属中学（宝山校区）(133003)
到校-校区分配,宝山区|上海师范大学附属宝山实验学校|华东师范大学第二附属中学|758 -> 华东师范大学第二附属中学（宝山校区）(133003)
到校-校区分配,宝山区|上海师范大学附属宝山潜溪学校|华东师范大学第二附属中学|761.5 -> 华东师范大学第二附属中学（宝山校区）(133003)
到校-校区分配,宝山区|上海市宝山区南大实验学校|华东师范大学第二附属中学|746.5 -> 华东师范大学第二附属中学（宝山校区）(133003)
到校-校区分配,宝山区|上海世外教育附属宝山美兰湖实验学校|华东师范大学第二附属中学|751.5 -> 华东师范大学第二附属中学（宝山校区）(133003)
到校-校区分配,宝山区|上海市存志附属宝山实验学校|华东师范大学第二附属中学|753 -> 华东师范大学第二附属中学（宝山校区）(133003)
到校-校区分配,宝山区|上海市宝山区顾村科技园学校|华东师范大学第二附属中学|753.5 -> 华东师范大学第二附属中学（宝山校区）(133003)
到校-校区分配,宝山区|华东师范大学附属宝山宝杨实验学校|华东师范大学第二附属中学|760 -> 华东师范大学第二附属中学（宝山校区）(133003)
到校-校区分配,宝山区|上海市宝山区陈伯吹罗店实验学校|华东师范大学第二附属中学|735 -> 华东师范大学第二附属中学（宝山校区）(133003)
到校-校区分配,崇明区|上海市崇明区长江学校|华东师范大学第二附属中学|670.5 -> 华东师范大学第二附属中学（宝山校区）(133003)
到校-校区分配,徐汇区|上海市位育初级中学|上海市第二中学|738.5 -> 上海市第二中学（梅陇校区）(042002)
到校-校区分配,徐汇区|上海市位育初级中学|上海市第二中学|737 -> 上海市第二中学(042001)
到校-校区分配,徐汇区|上海市第二初级中学|上海市第二中学|736 -> 上海市第二中学(042001)
到校-校区分配,徐汇区|上海市第二初级中学|上海市第二中学|742 -> 上海市第二中学（梅陇校区）(042002)
到校-校区分配,徐汇区|上海市南洋初级中学|上海市第二中学|726.5 -> 上海市第二中学(042001)
到校-校区分配,徐汇区|上海市南洋初级中学|上海市第二中学|731 -> 上海市第二中学（梅陇校区）(042002)
到校-校区分配,徐汇区|上海市田林中学|上海市第二中学|730.5 -> 上海市第二中学（梅陇校区）(042002)
到校-校区分配,徐汇区|上海市田林中学|上海市第二中学|727 -> 上海市第二中学(042001)
到校-校区分配,徐汇区|上海市田林第二中学|上海市第二中学|738 -> 上海市第二中学（梅陇校区）(042002)
到校-校区分配,徐汇区|上海市田林第二中学|上海市第二中学|724 -> 上海市第二中学(042001)
到校-校区分配,徐汇区|上海市田林第三中学|上海市第二中学|746.5 -> 上海市第二中学（梅陇校区）(042002)
到校-校区分配,徐汇区|上海市徐汇区教育学院附属实验中学|上海市第二中学|723.5 -> 上海市第二中学（梅陇校区）(042002)
到校-校区分配,徐汇区|上海市徐汇区教育学院附属实验中学|上海市第二中学|741 -> 上海市第二中学(042001)
到校-校区分配,徐汇区|上海市徐汇区教育学院附属实验中学南部分校|上海市第二中学|723.5 -> 上海市第二中学（梅陇校区）(042002)
到校-校区分配,徐汇区|上海市徐汇区教育学院附属实验中学南部分校|上海市第二中学|738.5 -> 上海市第二中学(042001)
到校-校区分配,徐汇区|上海市园南中学|上海市第二中学|735 -> 上海市第二中学(042001)
到校-校区分配,徐汇区|上海市园南中学|上海市第二中学|743.5 -> 上海市第二中学（梅陇校区）(042002)
到校-校区分配,徐汇区|上海市梅园中学|上海市第二中学|725 -> 上海市第二中学(042001)
到校-校区分配,徐汇区|上海市梅园中学|上海市第二中学|737.5 -> 上海市第二中学（梅陇校区）(042002)
到校-校区分配,徐汇区|上海市紫阳中学|上海市第二中学|729 -> 上海市第二中学(042001)
到校-校区分配,徐汇区|上海市紫阳中学|上海市第二中学|739 -> 上海市第二中学（梅陇校区）(042002)
到校-校区分配,徐汇区|上海市康健外国语实验中学|上海市第二中学|736.5 -> 上海市第二中学(042001)
到校-校区分配,徐汇区|上海市康健外国语实验中学|上海市第二中学|746 -> 上海市第二中学（梅陇校区）(042002)
到校-校区分配,徐汇区|上海市世外中学|上海市第二中学|733.5 -> 上海市第二中学(042001)
到校-校区分配,徐汇区|上海市世外中学|上海市第二中学|738 -> 上海市第二中学（梅陇校区）(042002)
到校-校区分配,徐汇区|上海市民办华育中学|上海市第二中学|698.5 -> 上海市第二中学（梅陇校区）(042002)
到校-校区分配,徐汇区|上海市民办华育中学|上海市第二中学|734.5 -> 上海市第二中学(042001)
到校-校区分配,徐汇区|上海市中国中学|上海市第二中学|728.5 -> 上海市第二中学(042001)
到校-校区分配,徐汇区|上海市中国中学|上海市第二中学|740 -> 上海市第二中学（梅陇校区）(042002)
到校-校区分配,徐汇区|上海市第五十四中学|上海市第二中学|748 -> 上海市第二中学（梅陇校区）(042002)
到校-校区分配,徐汇区|上海市第五十四中学|上海市第二中学|734 -> 上海市第二中学(042001)
到校-校区分配,徐汇区|上海市第四中学|上海市第二中学|732.5 -> 上海市第二中学（梅陇校区）(042002)
到校-校区分配,徐汇区|上海市第四中学|上海市第二中学|720 -> 上海市第二中学(042001)
到校-校区分配,徐汇区|上海市零陵中学|上海市第二中学|730.5 -> 上海市第二中学(042001)
到校-校区分配,徐汇区|上海市零陵中学|上海市第二中学|732.5 -> 上海市第二中学（梅陇校区）(042002)
到校-校区分配,徐汇区|华东理工大学附属中学|上海市第二中学|731 -> 上海市第二中学(042001)
到校-校区分配,徐汇区|华东理工大学附属中学|上海市第二中学|734.5 -> 上海市第二中学（梅陇校区）(042002)
到校-校区分配,徐汇区|上海市西南位育中学|上海市第二中学|726 -> 上海市第二中学（梅陇校区）(042002)
到校-校区分配,徐汇区|上海市西南位育中学|华东师范大学第二附属中学|760.5 -> 华东师范大学第二附属中学（宝山校区）(133003)
到校-校区分配,徐汇区|上海市西南模范中学|上海市第二中学|735 -> 上海市第二中学(042001)
到校-校区分配,徐汇区|上海市西南模范中学|上海市第二中学|748 -> 上海市第二中学（梅陇校区）(042002)
到校-校区分配,徐汇区|上海市西南模范中学|华东师范大学第二附属中学|766 -> 华东师范大学第二附属中学（宝山校区）(133003)
到校-校区分配,徐汇区|上海民办位育中学|上海市第二中学|720 -> 上海市第二中学（梅陇校区）(042002)
到校-校区分配,徐汇区|上海民办位育中学|上海市第二中学|739 -> 上海市第二中学(042001)
到校-校区分配,徐汇区|上海民办南模中学|上海市第二中学|738 -> 上海市第二中学（梅陇校区）(042002)
到校-校区分配,徐汇区|上海民办南模中学|上海市第二中学|715 -> 上海市第二中学(042001)
到校-校区分配,徐汇区|上海市位育实验学校|上海市第二中学|736.5 -> 上海市第二中学（梅陇校区）(042002)
到校-校区分配,徐汇区|上海市徐汇区上汇实验学校|上海市第二中学|726 -> 上海市第二中学（梅陇校区）(042002)
到校-校区分配,徐汇区|上海市徐汇区上汇实验学校|上海市第二中学|746.5 -> 上海市第二中学(042001)
到校-校区分配,徐汇区|上海师范大学第三附属实验学校|上海市第二中学|736.5 -> 上海市第二中学（梅陇校区）(042002)
到校-校区分配,徐汇区|上海师范大学第三附属实验学校|上海市第二中学|743.5 -> 上海市第二中学(042001)
到校-校区分配,徐汇区|上海师范大学第三附属实验学校|华东师范大学第二附属中学|766 -> 华东师范大学第二附属中学（宝山校区）(133003)
到校-校区分配,普陀区|上海市洵阳中学|华东师范大学第二附属中学|760 -> 华东师范大学第二附属中学（普陀校区）(073082)
到校-校区分配,普陀区|上海市北海中学|华东师范大学第二附属中学|759.5 -> 华东师范大学第二附属中学（普陀校区）(073082)
到校-校区分配,普陀区|上海市延河中学|华东师范大学第二附属中学|759.5 -> 华东师范大学第二附属中学（普陀校区）(073082)
到校-校区分配,普陀区|上海市曹杨第二中学附属实验中学|华东师范大学第二附属中学|750.5 -> 华东师范大学第二附属中学（普陀校区）(073082)
到校-校区分配,普陀区|上海市怒江中学|华东师范大学第二附属中学|761 -> 华东师范大学第二附属中学（普陀校区）(073082)
到校-校区分配,普陀区|上海师范大学附属第二实验学校|华东师范大学第二附属中学|761 -> 华东师范大学第二附属中学（普陀校区）(073082)
到校-校区分配,普陀区|上海市真北中学|华东师范大学第二附属中学|764 -> 华东师范大学第二附属中学（普陀校区）(073082)
到校-校区分配,普陀区|上海市普陀区教育学院附属中学|华东师范大学第二附属中学|756.5 -> 华东师范大学第二附属中学（普陀校区）(073082)
到校-校区分配,普陀区|上海市梅陇中学|华东师范大学第二附属中学|761.5 -> 华东师范大学第二附属中学（普陀校区）(073082)
到校-校区分配,普陀区|上海兰田中学|华东师范大学第二附属中学|769 -> 华东师范大学第二附属中学（普陀校区）(073082)
到校-校区分配,普陀区|上海市普陀区梅陇实验中学|华东师范大学第二附属中学|759.5 -> 华东师范大学第二附属中学（普陀校区）(073082)
到校-校区分配,普陀区|上海市曹杨中学|华东师范大学第二附属中学|757 -> 华东师范大学第二附属中学（普陀校区）(073082)
到校-校区分配,普陀区|同济大学第二附属中学|华东师范大学第二附属中学|759 -> 华东师范大学第二附属中学（普陀校区）(073082)
到校-校区分配,普陀区|上海市甘泉外国语中学|华东师范大学第二附属中学|762 -> 华东师范大学第二附属中学（普陀校区）(073082)
到校-校区分配,普陀区|上海市新杨中学|华东师范大学第二附属中学|741.5 -> 华东师范大学第二附属中学（普陀校区）(073082)
到校-校区分配,普陀区|上海市长征中学|华东师范大学第二附属中学|762.5 -> 华东师范大学第二附属中学（普陀校区）(073082)
到校-校区分配,普陀区|上海市桃浦中学|华东师范大学第二附属中学|743 -> 华东师范大学第二附属中学（普陀校区）(073082)
到校-校区分配,普陀区|上海音乐学院附属安师实验中学|华东师范大学第二附属中学|741 -> 华东师范大学第二附属中学（普陀校区）(073082)
到校-校区分配,普陀区|上海华东师范大学附属进华中学|华东师范大学第二附属中学|762.5 -> 华东师范大学第二附属中学（普陀校区）(073082)
到校-校区分配,普陀区|上海安生学校|华东师范大学第二附属中学|757 -> 华东师范大学第二附属中学（普陀校区）(073082)
到校-校区分配,普陀区|上海培佳双语学校|华东师范大学第二附属中学|764 -> 华东师范大学第二附属中学（普陀校区）(073082)
到校-校区分配,普陀区|上海市铜川学校|华东师范大学第二附属中学|750 -> 华东师范大学第二附属中学（普陀校区）(073082)
到校-校区分配,普陀区|上海市沙田学校|华东师范大学第二附属中学|761.5 -> 华东师范大学第二附属中学（普陀校区）(073082)
到校-校区分配,普陀区|华东师范大学附属外国语实验学校|华东师范大学第二附属中学|761.5 -> 华东师范大学第二附属中学（普陀校区）(073082)
到校-校区分配,普陀区|上海市子长学校|华东师范大学第二附属中学|734.5 -> 华东师范大学第二附属中学（普陀校区）(073082)
到校-校区分配,普陀区|上海市洛川学校|华东师范大学第二附属中学|755 -> 华东师范大学第二附属中学（普陀校区）(073082)
到校-校区分配,普陀区|上海市宜川中学附属学校|华东师范大学第二附属中学|761 -> 华东师范大学第二附属中学（普陀校区）(073082)
到校-校区分配,普陀区|上海市曹杨中学附属学校|华东师范大学第二附属中学|754.5 -> 华东师范大学第二附属中学（普陀校区）(073082)
到校-校区分配,普陀区|上海市普陀区教育学院附属学校|华东师范大学第二附属中学|744.5 -> 华东师范大学第二附属中学（普陀校区）(073082)
到校-校区分配,普陀区|上海市晋元高级中学附属学校|华东师范大学第二附属中学|759 -> 华东师范大学第二附属中学（普陀校区）(073082)
到校-校区分配,普陀区|上海市曹杨第二中学附属学校|华东师范大学第二附属中学|763.5 -> 华东师范大学第二附属中学（普陀校区）(073082)
到校-校区分配,普陀区|上海市民办新黄浦实验学校|华东师范大学第二附属中学|766 -> 华东师范大学第二附属中学（普陀校区）(073082)
到校-校区分配,普陀区|上海市江宁学校|华东师范大学第二附属中学|763.5 -> 华东师范大学第二附属中学（普陀校区）(073082)
到校-校区分配,普陀区|上海市中远实验学校|华东师范大学第二附属中学|762 -> 华东师范大学第二附属中学（普陀校区）(073082)
到校-校区分配,普陀区|上海市金鼎学校|华东师范大学第二附属中学|718.5 -> 华东师范大学第二附属中学（普陀校区）(073082)
到校-校区分配,普陀区|上海外国语大学尚阳外国语学校|华东师范大学第二附属中学|759 -> 华东师范大学第二附属中学（普陀校区）(073082)
到校-校区分配,普陀区|上海市文达学校|华东师范大学第二附属中学|753 -> 华东师范大学第二附属中学（普陀校区）(073082)
到校-校区分配,普陀区|上海理工大学附属普陀实验学校|华东师范大学第二附属中学|758 -> 华东师范大学第二附属中学（普陀校区）(073082)
到校-校区分配,普陀区|上海市万里城实验学校|华东师范大学第二附属中学|765 -> 华东师范大学第二附属中学（普陀校区）(073082)
到校-校区分配,松江区|上海市松江区天马山学校|华东师范大学第二附属中学|762 -> 华东师范大学第二附属中学（宝山校区）(133003)
到校-校区分配,松江区|上海市三新学校松江思贤分校|华东师范大学第二附属中学|764.5 -> 华东师范大学第二附属中学（宝山校区）(133003)
到校-校区分配,金山区|上海市罗星中学|华东师范大学第二附属中学|759 -> 华东师范大学第二附属中学（宝山校区）(133003)
到校-校区分配,闵行区|上海市航华中学|上海市向明中学|726.5 -> 上海市向明中学（浦江校区）(012006)
到校-校区分配,闵行区|上海市闵行区上虹中学|上海市向明中学|738 -> 上海市向明中学（浦江校区）(012006)
到校-校区分配,闵行区|上海市龙柏中学|上海市第二中学|744 -> 上海市第二中学（梅陇校区）(042002)
到校-校区分配,闵行区|上海市闵行区七宝第二中学|上海市向明中学|736 -> 上海市向明中学（浦江校区）(012006)
到校-校区分配,闵行区|上海市罗阳中学|上海市向明中学|736.5 -> 上海市向明中学（浦江校区）(012006)
到校-校区分配,闵行区|上海市罗阳中学|上海市第二中学|742 -> 上海市第二中学（梅陇校区）(042002)
到校-校区分配,闵行区|上海市闵行区莘松中学|上海市向明中学|738 -> 上海市向明中学（浦江校区）(012006)
到校-校区分配,闵行区|上海市闵行区莘松中学|上海市第二中学|744 -> 上海市第二中学（梅陇校区）(042002)
到校-校区分配,闵行区|上海市七宝中学附属闵行金都实验中学|上海市向明中学|735 -> 上海市向明中学（浦江校区）(012006)
到校-校区分配,闵行区|上海市闵行区北桥中学|上海市向明中学|742.5 -> 上海市向明中学（浦江校区）(012006)
到校-校区分配,闵行区|上海市闵行区北桥中学|上海市第二中学|741 -> 上海市第二中学（梅陇校区）(042002)
到校-校区分配,闵行区|上海市闵行区浦江第一中学|上海市向明中学|739.5 -> 上海市向明中学（浦江校区）(012006)
到校-校区分配,闵行区|上海市闵行区浦江第二中学|上海市第二中学|721.5 -> 上海市第二中学（梅陇校区）(042002)
到校-校区分配,闵行区|上海市闵行区浦江第三中学|上海市第二中学|729.5 -> 上海市第二中学（梅陇校区）(042002)
到校-校区分配,闵行区|上海市闵行第四中学|上海市向明中学|722.5 -> 上海市向明中学（浦江校区）(012006)
到校-校区分配,闵行区|上海市闵行第四中学|上海市第二中学|735 -> 上海市第二中学（梅陇校区）(042002)
到校-校区分配,闵行区|上海市闵行区颛桥中学|上海市向明中学|736.5 -> 上海市向明中学（浦江校区）(012006)
到校-校区分配,闵行区|上海市闵行区颛桥中学|上海市第二中学|744.5 -> 上海市第二中学（梅陇校区）(042002)
到校-校区分配,闵行区|上海市实验学校西校|上海市向明中学|737.5 -> 上海市向明中学（浦江校区）(012006)
到校-校区分配,闵行区|上海市实验学校西校|上海市第二中学|752.5 -> 上海市第二中学（梅陇校区）(042002)
到校-校区分配,闵行区|上海市闵行区鹤北初级中学|上海市向明中学|732.5 -> 上海市向明中学（浦江校区）(012006)
到校-校区分配,闵行区|上海市闵行区龙茗中学|上海市第二中学|748.5 -> 上海市第二中学（梅陇校区）(042002)
到校-校区分配,闵行区|上海市七宝实验中学|上海市向明中学|725 -> 上海市向明中学（浦江校区）(012006)
到校-校区分配,闵行区|上海市七宝实验中学|上海市第二中学|751 -> 上海市第二中学（梅陇校区）(042002)
到校-校区分配,闵行区|上海市师资培训中心附属闵行实验中学|上海市向明中学|733.5 -> 上海市向明中学（浦江校区）(012006)
到校-校区分配,闵行区|上海市闵行区七宝第三中学|上海市第二中学|745.5 -> 上海市第二中学（梅陇校区）(042002)
到校-校区分配,闵行区|华东师范大学第二附属中学附属初级中学|上海市向明中学|737 -> 上海市向明中学（浦江校区）(012006)
到校-校区分配,闵行区|华东师范大学第二附属中学附属初级中学|上海市第二中学|740.5 -> 上海市第二中学（梅陇校区）(042002)
到校-校区分配,闵行区|上海市闵行区浦航实验中学|上海市第二中学|733.5 -> 上海市第二中学（梅陇校区）(042002)
到校-校区分配,闵行区|上海市闵行区马桥复旦万科实验中学|上海市第二中学|742 -> 上海市第二中学（梅陇校区）(042002)
到校-校区分配,闵行区|上海中医药大学附属闵行晶城中学|上海市第二中学|745 -> 上海市第二中学（梅陇校区）(042002)
到校-校区分配,闵行区|上海师范大学附属闵行第三中学|上海市向明中学|737 -> 上海市向明中学（浦江校区）(012006)
到校-校区分配,闵行区|上海市闵行区田园外国语中学|上海市向明中学|740.5 -> 上海市向明中学（浦江校区）(012006)
到校-校区分配,闵行区|上海市闵行中学附属实验中学|上海市向明中学|739 -> 上海市向明中学（浦江校区）(012006)
到校-校区分配,闵行区|上海尚师初级中学|上海市向明中学|743.5 -> 上海市向明中学（浦江校区）(012006)
到校-校区分配,闵行区|上海尚师初级中学|上海市第二中学|737 -> 上海市第二中学（梅陇校区）(042002)
到校-校区分配,闵行区|上海市骏博外国语学校|上海市第二中学|741.5 -> 上海市第二中学（梅陇校区）(042002)
到校-校区分配,闵行区|上海市闵行第三中学|上海市向明中学|738 -> 上海市向明中学（浦江校区）(012006)
到校-校区分配,闵行区|上海交通大学附属第二中学|上海市向明中学|739 -> 上海市向明中学（浦江校区）(012006)
到校-校区分配,闵行区|上海交通大学附属第二中学|上海市第二中学|748.5 -> 上海市第二中学（梅陇校区）(042002)
到校-校区分配,闵行区|上海市民办上宝中学|上海市第二中学|740 -> 上海市第二中学（梅陇校区）(042002)
到校-校区分配,闵行区|上海市七宝中学附属鑫都实验中学|上海市向明中学|735.5 -> 上海市向明中学（浦江校区）(012006)
到校-校区分配,闵行区|上海市七宝中学附属鑫都实验中学|上海市第二中学|743.5 -> 上海市第二中学（梅陇校区）(042002)
到校-校区分配,闵行区|上海市文来中学|上海市向明中学|740 -> 上海市向明中学（浦江校区）(012006)
到校-校区分配,闵行区|上海市文来中学|上海市第二中学|738 -> 上海市第二中学（梅陇校区）(042002)
到校-校区分配,闵行区|上海市民办文绮中学|上海市第二中学|739.5 -> 上海市第二中学（梅陇校区）(042002)
到校-校区分配,闵行区|上海闵行区协和双语教科学校|上海市向明中学|723 -> 上海市向明中学（浦江校区）(012006)
到校-校区分配,闵行区|上海闵行区协和双语教科学校|上海市第二中学|736.5 -> 上海市第二中学（梅陇校区）(042002)
到校-校区分配,闵行区|上海市闵行区诸翟学校|上海市向明中学|739 -> 上海市向明中学（浦江校区）(012006)
到校-校区分配,闵行区|华东师范大学附属闵行虹桥学校|上海市第二中学|736.5 -> 上海市第二中学（梅陇校区）(042002)
到校-校区分配,闵行区|上海市莘光学校|上海市向明中学|742 -> 上海市向明中学（浦江校区）(012006)
到校-校区分配,闵行区|上海市莘光学校|上海市第二中学|744.5 -> 上海市第二中学（梅陇校区）(042002)
到校-校区分配,闵行区|上海市闵行区纪王学校|上海市向明中学|729.5 -> 上海市向明中学（浦江校区）(012006)
到校-校区分配,闵行区|上海市马桥强恕学校|上海市第二中学|722.5 -> 上海市第二中学（梅陇校区）(042002)
到校-校区分配,闵行区|上海市古美学校|上海市第二中学|731.5 -> 上海市第二中学（梅陇校区）(042002)
到校-校区分配,闵行区|上海师范大学康城实验学校|上海市向明中学|733 -> 上海市向明中学（浦江校区）(012006)
到校-校区分配,闵行区|上海师范大学康城实验学校|上海市第二中学|742 -> 上海市第二中学（梅陇校区）(042002)
到校-校区分配,闵行区|上海市莘城学校|上海市第二中学|750.5 -> 上海市第二中学（梅陇校区）(042002)
到校-校区分配,闵行区|上海市闵行区文来实验学校|上海市第二中学|730.5 -> 上海市第二中学（梅陇校区）(042002)
到校-校区分配,闵行区|上海市闵行区君莲学校|上海市第二中学|734 -> 上海市第二中学（梅陇校区）(042002)
到校-校区分配,闵行区|上海市闵行区华漕学校|上海市向明中学|736.5 -> 上海市向明中学（浦江校区）(012006)
到校-校区分配,闵行区|上海市闵行区华漕学校|上海市第二中学|739.5 -> 上海市第二中学（梅陇校区）(042002)
到校-校区分配,闵行区|上海世外教育附属浦江外国语学校|上海市第二中学|743 -> 上海市第二中学（梅陇校区）(042002)
到校-校区分配,闵行区|上海交通大学附属闵行马桥实验学校|上海市向明中学|740.5 -> 上海市向明中学（浦江校区）(012006)
到校-校区分配,闵行区|上海市闵行区七宝文来学校|上海市第二中学|737 -> 上海市第二中学（梅陇校区）(042002)
到校-校区分配,闵行区|上海师范大学附属中学闵行实验学校|上海市第二中学|735 -> 上海市第二中学（梅陇校区）(042002)
到校-校区分配,闵行区|华东理工大学附属闵行梅陇实验学校|上海市第二中学|743 -> 上海市第二中学（梅陇校区）(042002)
到校-校区分配,闵行区|华东师范大学附属闵行永德学校|上海市向明中学|743.5 -> 上海市向明中学（浦江校区）(012006)
到校-校区分配,闵行区|上海市民办德英乐实验学校|上海市向明中学|743.5 -> 上海市向明中学（浦江校区）(012006)
到校-校区分配,闵行区|上海市燎原双语学校|上海市第二中学|720 -> 上海市第二中学（梅陇校区）(042002)
到校-校区分配,闵行区|上海市民办协和双语尚音学校|上海市向明中学|727.5 -> 上海市向明中学（浦江校区）(012006)
到校-校区分配,闵行区|上海市民办万源城协和双语学校|上海市向明中学|741 -> 上海市向明中学（浦江校区）(012006)
到校-校区分配,闵行区|上海博世凯外国语学校|上海市第二中学|745 -> 上海市第二中学（梅陇校区）(042002)
到校-校区分配,闵行区|上海民办圣华紫竹双语学校|上海市第二中学|746 -> 上海市第二中学（梅陇校区）(042002)
到校-校区分配,黄浦区|格致初级中学|上海市格致中学|743.5 -> 上海市格致中学(012001)
到校-校区分配,黄浦区|格致初级中学|上海市格致中学|726.5 -> 上海市格致中学（奉贤校区）(012002)
到校-校区分配,黄浦区|格致初级中学|上海市向明中学|729 -> 上海市向明中学(012005)
到校-校区分配,黄浦区|格致初级中学|上海市向明中学|722 -> 上海市向明中学（浦江校区）(012006)
到校-校区分配,黄浦区|大同初级中学|上海市格致中学|744 -> 上海市格致中学(012001)
到校-校区分配,黄浦区|大同初级中学|上海市格致中学|734 -> 上海市格致中学（奉贤校区）(012002)
到校-校区分配,黄浦区|大同初级中学|上海市向明中学|738.5 -> 上海市向明中学(012005)
到校-校区分配,黄浦区|大同初级中学|上海市向明中学|730 -> 上海市向明中学（浦江校区）(012006)
到校-校区分配,黄浦区|向明初级中学|上海市格致中学|742.5 -> 上海市格致中学(012001)
到校-校区分配,黄浦区|向明初级中学|上海市格致中学|733 -> 上海市格致中学（奉贤校区）(012002)
到校-校区分配,黄浦区|向明初级中学|上海市向明中学|732 -> 上海市向明中学(012005)
到校-校区分配,黄浦区|向明初级中学|上海市向明中学|724.5 -> 上海市向明中学（浦江校区）(012006)
到校-校区分配,黄浦区|大境初级中学|上海市格致中学|749.5 -> 上海市格致中学(012001)
到校-校区分配,黄浦区|大境初级中学|上海市格致中学|736.5 -> 上海市格致中学（奉贤校区）(012002)
到校-校区分配,黄浦区|大境初级中学|上海市向明中学|735 -> 上海市向明中学(012005)
到校-校区分配,黄浦区|大境初级中学|上海市向明中学|727.5 -> 上海市向明中学（浦江校区）(012006)
到校-校区分配,黄浦区|光明初级中学|上海市格致中学|744 -> 上海市格致中学(012001)
到校-校区分配,黄浦区|光明初级中学|上海市格致中学|730 -> 上海市格致中学（奉贤校区）(012002)
到校-校区分配,黄浦区|光明初级中学|上海市向明中学|729 -> 上海市向明中学(012005)
到校-校区分配,黄浦区|光明初级中学|上海市向明中学|732 -> 上海市向明中学（浦江校区）(012006)
到校-校区分配,黄浦区|敬业初级中学|上海市格致中学|730 -> 上海市格致中学(012001)
到校-校区分配,黄浦区|敬业初级中学|上海市格致中学|721.5 -> 上海市格致中学（奉贤校区）(012002)
到校-校区分配,黄浦区|敬业初级中学|上海市向明中学|727 -> 上海市向明中学(012005)
到校-校区分配,黄浦区|敬业初级中学|上海市向明中学|725 -> 上海市向明中学（浦江校区）(012006)
到校-校区分配,黄浦区|卢湾中学|上海市格致中学|744.5 -> 上海市格致中学(012001)
到校-校区分配,黄浦区|卢湾中学|上海市格致中学|733 -> 上海市格致中学（奉贤校区）(012002)
到校-校区分配,黄浦区|卢湾中学|上海市向明中学|735.5 -> 上海市向明中学(012005)
到校-校区分配,黄浦区|卢湾中学|上海市向明中学|732 -> 上海市向明中学（浦江校区）(012006)
到校-校区分配,黄浦区|市八初级中学|上海市格致中学|747 -> 上海市格致中学(012001)
到校-校区分配,黄浦区|市八初级中学|上海市格致中学|710 -> 上海市格致中学（奉贤校区）(012002)
到校-校区分配,黄浦区|市八初级中学|上海市向明中学|728 -> 上海市向明中学(012005)
到校-校区分配,黄浦区|市八初级中学|上海市向明中学|730 -> 上海市向明中学（浦江校区）(012006)
到校-校区分配,黄浦区|尚文中学|上海市格致中学|743 -> 上海市格致中学(012001)
到校-校区分配,黄浦区|尚文中学|上海市格致中学|731 -> 上海市格致中学（奉贤校区）(012002)
到校-校区分配,黄浦区|尚文中学|上海市向明中学|727 -> 上海市向明中学(012005)
到校-校区分配,黄浦区|尚文中学|上海市向明中学|712.5 -> 上海市向明中学（浦江校区）(012006)
到校-校区分配,黄浦区|交附黄浦实验|上海市格致中学|745 -> 上海市格致中学(012001)
到校-校区分配,黄浦区|交附黄浦实验|上海市格致中学|721.5 -> 上海市格致中学（奉贤校区）(012002)
到校-校区分配,黄浦区|交附黄浦实验|上海市向明中学|725.5 -> 上海市向明中学(012005)
到校-校区分配,黄浦区|交附黄浦实验|上海市向明中学|733.5 -> 上海市向明中学（浦江校区）(012006)
到校-校区分配,黄浦区|清华中学|上海市格致中学|725.5 -> 上海市格致中学(012001)
到校-校区分配,黄浦区|清华中学|上海市格致中学|690.5 -> 上海市格致中学（奉贤校区）(012002)
到校-校区分配,黄浦区|清华中学|上海市向明中学|684.5 -> 上海市向明中学（浦江校区）(012006)
到校-校区分配,黄浦区|清华中学|上海市向明中学|699.5 -> 上海市向明中学(012005)
到校-校区分配,黄浦区|民办明珠中学|上海市格致中学|751 -> 上海市格致中学(012001)
到校-校区分配,黄浦区|民办明珠中学|上海市格致中学|725.5 -> 上海市格致中学（奉贤校区）(012002)
到校-校区分配,黄浦区|民办明珠中学|上海市向明中学|735.5 -> 上海市向明中学(012005)
到校-校区分配,黄浦区|民办明珠中学|上海市向明中学|666.5 -> 上海市向明中学（浦江校区）(012006)
到校-校区分配,黄浦区|民办立达中学|上海市格致中学|745 -> 上海市格致中学(012001)
到校-校区分配,黄浦区|民办立达中学|上海市格致中学|737.5 -> 上海市格致中学（奉贤校区）(012002)
到校-校区分配,黄浦区|民办立达中学|上海市向明中学|733.5 -> 上海市向明中学(012005)
到校-校区分配,黄浦区|民办立达中学|上海市向明中学|729 -> 上海市向明中学（浦江校区）(012006)
到校-校区分配,黄浦区|民办震旦外国语|上海市格致中学|732.5 -> 上海市格致中学(012001)
到校-校区分配,黄浦区|民办震旦外国语|上海市格致中学|731 -> 上海市格致中学（奉贤校区）(012002)
到校-校区分配,黄浦区|民办震旦外国语|上海市向明中学|726.5 -> 上海市向明中学(012005)
到校-校区分配,黄浦区|民办震旦外国语|上海市向明中学|711 -> 上海市向明中学（浦江校区）(012006)
到校-校区分配,黄浦区|市十中学|上海市格致中学|743 -> 上海市格致中学(012001)
到校-校区分配,黄浦区|市十中学|上海市格致中学|715 -> 上海市格致中学（奉贤校区）(012002)
到校-校区分配,黄浦区|市十中学|上海市向明中学|727.5 -> 上海市向明中学(012005)
到校-校区分配,黄浦区|市十中学|上海市向明中学|715.5 -> 上海市向明中学（浦江校区）(012006)
到校-校区分配,黄浦区|储能中学|上海市格致中学|736 -> 上海市格致中学(012001)
到校-校区分配,黄浦区|储能中学|上海市格致中学|721 -> 上海市格致中学（奉贤校区）(012002)
到校-校区分配,黄浦区|储能中学|上海市向明中学|730.5 -> 上海市向明中学(012005)
到校-校区分配,黄浦区|储能中学|上海市向明中学|701 -> 上海市向明中学（浦江校区）(012006)
到校-校区分配,黄浦区|金陵中学|上海市格致中学|748 -> 上海市格致中学（奉贤校区）(012002)
到校-校区分配,黄浦区|金陵中学|上海市向明中学|723 -> 上海市向明中学(012005)
到校-校区分配,黄浦区|金陵中学|上海市向明中学|708.5 -> 上海市向明中学（浦江校区）(012006)
到校-校区分配,黄浦区|上音比乐中学|上海市格致中学|717 -> 上海市格致中学(012001)
到校-校区分配,黄浦区|上音比乐中学|上海市格致中学|701 -> 上海市格致中学（奉贤校区）(012002)
到校-校区分配,黄浦区|上音比乐中学|上海市向明中学|724.5 -> 上海市向明中学(012005)
到校-校区分配,黄浦区|上音比乐中学|上海市向明中学|698 -> 上海市向明中学（浦江校区）(012006)
到校-校区分配,黄浦区|中山学校|上海市格致中学|744.5 -> 上海市格致中学(012001)
到校-校区分配,黄浦区|中山学校|上海市格致中学|744 -> 上海市格致中学（奉贤校区）(012002)
到校-校区分配,黄浦区|中山学校|上海市向明中学|729.5 -> 上海市向明中学(012005)
到校-校区分配,黄浦区|中山学校|上海市向明中学|736.5 -> 上海市向明中学（浦江校区）(012006)
到校-初中未匹配,浦东新区|上海中医药大学附属浦东鹤沙学校 (4行)
到校-初中未匹配,浦东新区|上海交通大学附属浦东实验中学 (8行)
到校-初中未匹配,浦东新区|上海市浦东新区进才万祥学校 (10行)
到校-初中未匹配,浦东新区|上海师范大学附属浦东秋萍学校 (8行)
