school_code,school_name,min_score,chinese_math_foreign_sum,math_score,chinese_score,comprehensive_score
201001,商业会计,537.5,316.5,85.0,113.0,94.0
202010,商贸旅游,474.5,264.0,77.0,115.0,86.0
209001,工商外语,514.0,288.0,72.0,106.0,101.0
212001,工业技术,558.0,326.0,72.0,121.0,97.0
222001,信息技术,557.0,308.5,105.0,117.0,117.0
225001,经济管理,513.0,304.5,105.0,99.0,85.0
227001,商校财经,486.0,271.0,69.0,91.0,102.0
229001,贸易学校,431.0,237.0,48.0,99.0,67.0
236001,科技综合,477.5,238.5,94.0,105.0,115.0
241001,建筑工程,456.0,259.0,90.0,82.0,97.0
242001,西南工程,513.0,272.0,87.0,115.0,109.0
251001,现代流通,463.5,258.5,72.0,111.0,75.0
253001,大众中专,496.0,266.5,90.0,103.0,95.0
254001,行政管理,452.0,246.0,66.0,106.0,82.0
259001,二轻统招,478.0,271.5,28.0,123.0,78.0
260001,医药学校,527.0,298.0,92.0,100.0,99.0
261001,环境学校,469.0,268.5,56.0,118.0,71.0
262001,航空安检,595.0,331.0,103.0,113.0,125.0
262005,航空维修,595.5,342.5,110.0,107.0,128.0
269001,工商信息,513.0,292.5,72.0,106.0,93.0
302001,江南船舶,494.0,285.0,88.0,110.0,76.0
317001,高级技工,535.0,297.0,92.0,105.0,107.0
326001,新闻出版,440.0,233.5,68.0,97.0,79.0
331001,沪东造船,501.5,288.5,87.0,117.0,84.0
408001,中华职校,464.0,253.0,66.0,108.0,80.0
413001,现代职校,482.5,269.5,65.0,103.0,89.0
416001,逸夫职校,544.0,310.0,77.0,120.0,104.0
418001,曹杨职校,462.5,263.5,67.0,121.0,65.0
423001,市北轨道,560.5,306.5,93.0,104.0,122.0
423002,市北动漫,554.0,314.0,106.0,107.0,107.0
423003,市北数媒,543.0,318.5,86.0,110.0,97.0
423004,市北计应,471.5,269.0,96.0,92.0,74.0
423005,市北中烹,446.0,245.5,71.0,105.0,80.0
427001,上师附职,478.0,257.0,89.0,102.0,93.0
435001,宝山职校,426.5,215.0,86.0,89.0,81.0
436001,鸿文职校,None,,,,
441001,振华国商,541.5,330.5,101.0,118.0,82.0
441006,振华面点,477.5,274.5,63.0,112.0,79.0
441007,振华烹饪,516.0,294.0,86.0,100.0,83.0
442001,群星职校,501.5,280.5,69.0,111.0,87.0
