序号,招生代码,学校名称,所属区,区代码,学校类型,寄宿情况,计划区域,计划数
1,042032,上海市上海中学,上海市,SH,市实验性示范性高中,全部寄宿,全市,291
2,102056,上海交通大学附属中学,上海市,SH,市实验性示范性高中,部分寄宿,全市,336
3,102057,复旦大学附属中学,上海市,SH,市实验性示范性高中,部分寄宿,全市,271
4,152003,华东师范大学第二附属中学,上海市,SH,市实验性示范性高中,部分寄宿,全市,280
5,152006,上海师范大学附属中学,上海市,SH,市实验性示范性高中,部分寄宿,全市,208
6,155001,上海市实验学校,上海市,SH,市实验性示范性高中,部分寄宿,全市,52
7,012001,上海市格致中学,黄浦区,HP,市实验性示范性高中,部分寄宿,全市,126
8,012003,上海市大同中学,黄浦区,HP,市实验性示范性高中,部分寄宿,全市,136
9,012005,上海市向明中学,黄浦区,HP,市实验性示范性高中,无寄宿,全市,59
10,012007,上海外国语大学附属大境中学,黄浦区,HP,市实验性示范性高中,部分寄宿,全市,96
11,012008,上海市光明中学,黄浦区,HP,市实验性示范性高中,无寄宿,全市,86
12,012009,上海市敬业中学,黄浦区,HP,市实验性示范性高中,无寄宿,全市,76
13,012010,上海市卢湾高级中学,黄浦区,HP,市实验性示范性高中,部分寄宿,全市,96
14,012002,上海市格致中学（奉贤校区）,黄浦区,HP,享受市实验性示范性高中招生政策高中,全部寄宿,全市,40
15,012006,上海市向明中学（浦江校区）,黄浦区,HP,享受市实验性示范性高中招生政策高中,全部寄宿,全市,38
16,012011,同济大学科技中学,黄浦区,HP,参照"探索建立拔尖创新人才培养基地"项目高中,部分寄宿,全市,47
17,042001,上海市第二中学,徐汇区,XH,市实验性示范性高中,无寄宿,全市,52
18,042008,上海市南洋模范中学,徐汇区,XH,市实验性示范性高中,部分寄宿,全市,90
19,042035,上海市位育中学,徐汇区,XH,市实验性示范性高中,全部寄宿,全市,90
20,043015,上海市南洋中学,徐汇区,XH,市实验性示范性高中,部分寄宿,全市,82
21,042002,上海市第二中学（梅陇校区）,徐汇区,XH,享受市实验性示范性高中招生政策高中,全部寄宿,全市,53
22,042036,复旦大学附属中学徐汇分校,徐汇区,XH,享受市实验性示范性高中招生政策高中,部分寄宿,全市,31
23,052001,上海市第三女子中学,长宁区,CN,市实验性示范性高中,部分寄宿,全市,78
24,052002,上海市延安中学,长宁区,CN,市实验性示范性高中,全部寄宿,全市,72
25,053004,上海市复旦中学,长宁区,CN,市实验性示范性高中,全部寄宿,全市,53
26,062001,上海市市西中学,静安区,JA,市实验性示范性高中,部分寄宿,全市,74
27,062002,上海市育才中学,静安区,JA,市实验性示范性高中,全部寄宿,全市,74
28,062003,上海市新中高级中学,静安区,JA,市实验性示范性高中,部分寄宿,全市,74
29,062004,上海市市北中学,静安区,JA,市实验性示范性高中,无寄宿,全市,82
30,062011,上海市回民中学,静安区,JA,市实验性示范性高中,部分寄宿,全市,59
31,063004,上海市第六十中学,静安区,JA,市实验性示范性高中,无寄宿,全市,56
32,064001,上海市华东模范中学,静安区,JA,市实验性示范性高中,无寄宿,全市,44
33,072001,上海市晋元高级中学,普陀区,PT,市实验性示范性高中,全部寄宿,全市,84
34,072002,上海市曹杨第二中学,普陀区,PT,市实验性示范性高中,部分寄宿,全市,82
35,073003,上海市宜川中学,普陀区,PT,市实验性示范性高中,无寄宿,全市,89
36,073082,华东师范大学第二附属中学（普陀校区）,普陀区,PT,享受市实验性示范性高中招生政策高中,部分寄宿,全市,53
37,092001,复旦大学附属复兴中学,虹口区,HK,市实验性示范性高中,部分寄宿,全市,77
38,092002,华东师范大学第一附属中学,虹口区,HK,市实验性示范性高中,部分寄宿,全市,71
39,093001,上海财经大学附属北郊高级中学,虹口区,HK,市实验性示范性高中,无寄宿,全市,56
40,102004,上海市杨浦高级中学,杨浦区,YP,市实验性示范性高中,部分寄宿,全市,103
41,102032,上海市控江中学,杨浦区,YP,市实验性示范性高中,部分寄宿,全市,103
42,103002,同济大学第一附属中学,杨浦区,YP,市实验性示范性高中,部分寄宿,全市,86
43,122001,上海市七宝中学,闵行区,MH,市实验性示范性高中,部分寄宿,全市,120
44,123001,上海市闵行中学,闵行区,MH,市实验性示范性高中,部分寄宿,全市,120
45,122002,华东师范大学第二附属中学闵行紫竹分校,闵行区,MH,享受市实验性示范性高中招生政策高中,部分寄宿,全市,82
46,122003,上海师范大学附属中学闵行分校,闵行区,MH,享受市实验性示范性高中招生政策高中,部分寄宿,全市,86
47,122004,上海交通大学附属中学闵行分校,闵行区,MH,享受市实验性示范性高中招生政策高中,部分寄宿,全市,70
48,132001,上海市行知中学,宝山区,BS,市实验性示范性高中,部分寄宿,全市,115
49,132002,上海大学附属中学,宝山区,BS,市实验性示范性高中,全部寄宿,全市,119
50,133001,上海市吴淞中学,宝山区,BS,市实验性示范性高中,部分寄宿,全市,100
51,132003,上海师范大学附属中学宝山分校,宝山区,BS,享受市实验性示范性高中招生政策高中,全部寄宿,全市,51
52,133003,华东师范大学第二附属中学（宝山校区）,宝山区,BS,享受市实验性示范性高中招生政策高中,全部寄宿,全市,67
53,142001,上海市嘉定区第一中学,嘉定区,JD,市实验性示范性高中,部分寄宿,全市,89
54,142002,上海交通大学附属中学嘉定分校,嘉定区,JD,享受市实验性示范性高中招生政策高中,部分寄宿,全市,107
55,142004,上海师范大学附属中学嘉定新城分校,嘉定区,JD,享受市实验性示范性高中招生政策高中,部分寄宿,全市,58
56,152001,上海市建平中学,浦东新区,PD,市实验性示范性高中,部分寄宿,全市,109
57,152002,上海市进才中学,浦东新区,PD,市实验性示范性高中,部分寄宿,全市,109
58,152004,上海南汇中学,浦东新区,PD,市实验性示范性高中,部分寄宿,全市,140
59,153001,上海市洋泾中学,浦东新区,PD,市实验性示范性高中,部分寄宿,全市,109
60,153004,上海市高桥中学,浦东新区,PD,市实验性示范性高中,部分寄宿,全市,94
61,153005,上海市川沙中学,浦东新区,PD,市实验性示范性高中,部分寄宿,全市,94
62,151078,上海中学东校,浦东新区,PD,享受市实验性示范性高中招生政策高中,部分寄宿,全市,94
63,152005,上海市浦东复旦附中分校,浦东新区,PD,享受市实验性示范性高中招生政策高中,部分寄宿,全市,70
64,162000,上海市金山中学,金山区,JS,市实验性示范性高中,全部寄宿,全市,74
65,163002,华东师范大学第三附属中学,金山区,JS,市实验性示范性高中,全部寄宿,全市,78
66,172001,上海市松江二中,松江区,SJ,市实验性示范性高中,部分寄宿,全市,84
67,173001,上海市松江一中,松江区,SJ,市实验性示范性高中,部分寄宿,全市,84
68,172002,华东师范大学第二附属中学松江分校,松江区,SJ,享受市实验性示范性高中招生政策高中,全部寄宿,全市,50
69,172004,上海师范大学附属中学松江分校,松江区,SJ,享受市实验性示范性高中招生政策高中,全部寄宿,全市,31
70,174003,上海外国语大学附属外国语学校松江云间中学,松江区,SJ,享受市实验性示范性高中招生政策高中,部分寄宿,全市,84
71,182001,上海市青浦高级中学,青浦区,QP,市实验性示范性高中,部分寄宿,全市,135
72,183002,上海市朱家角中学,青浦区,QP,市实验性示范性高中,部分寄宿,全市,129
73,182002,复旦大学附属中学青浦分校,青浦区,QP,享受市实验性示范性高中招生政策高中,全部寄宿,全市,62
74,202001,上海市奉贤中学,奉贤区,FX,市实验性示范性高中,全部寄宿,全市,94
75,202002,华东师范大学第二附属中学临港奉贤分校,奉贤区,FX,享受市实验性示范性高中招生政策高中,全部寄宿,全市,64
76,512000,上海市崇明中学,崇明区,CM,市实验性示范性高中,全部寄宿,全市,62
77,512001,上海市实验学校东滩高级中学,崇明区,CM,享受市实验性示范性高中招生政策高中,全部寄宿,全市,31
